season,sleeper_id,player,position,team,injury_probability,injuries_per_season,injury_probability_per_game,projected_games_missed,durability,updated_at
2026,4984,Josh Allen,QB,BUF,0.33,1.1,0.02,2.0,5.0,2026 copied table
2026,9493,Puka Nacua,WR,LAR,0.51,2,0.04,2.2,4.1,2026 copied table
2026,9221,Jahmyr Gibbs,RB,DET,0.54,0.7,0.04,1.5,5.0,2026 copied table
2026,9509,Bijan Robinson,RB,ATL,0.25,0,0.02,0.5,5.0,2026 copied table
2026,11564,Drake Maye,QB,NE,0.35,1.5,0.03,2.5,5.0,2026 copied table
2026,4881,Lamar Jackson,QB,BAL,0.42,0.8,0.03,2.5,5.0,2026 copied table
2026,7564,Ja'Marr Chase,WR,CIN,0.37,0.6,0.03,0.7,5.0,2026 copied table
2026,6770,Joe Burrow,QB,CIN,0.34,1.7,0.02,2.3,4.5,2026 copied table
2026,11566,Jayden Daniels,QB,WAS,0.41,2.5,0.03,1.2,2.8,2026 copied table
2026,6904,Jalen Hurts,QB,PHI,0.33,0.7,0.02,1.4,5.0,2026 copied table
2026,4034,Christian McCaffrey,RB,SF,0.78,1.1,0.09,2.1,3.2,2026 copied table
2026,7523,Trevor Lawrence,QB,JAC,0.34,1.8,0.02,2.5,5.0,2026 copied table
2026,8183,Brock Purdy,QB,SF,0.36,1.6,0.03,2.7,5.0,2026 copied table
2026,6797,Justin Herbert,QB,LAC,0.36,1.5,0.03,2.5,5.0,2026 copied table
2026,5849,Kyler Murray,QB,MIN,0.33,1,0.02,2.5,3.1,2026 copied table
2026,3294,Dak Prescott,QB,DAL,0.34,0.7,0.02,2.0,5.0,2026 copied table
2026,11560,Caleb Williams,QB,CHI,0.2,0.5,0.01,1.0,5.0,2026 copied table
2026,12508,Jaxson Dart,QB,NYG,0.36,1,0.03,1.1,2.2,2026 copied table
2026,7547,Amon-Ra St. Brown,WR,DET,0.37,0.8,0.03,0.9,5.0,2026 copied table
2026,9488,Jaxon Smith-Njigba,WR,SEA,0.39,0.3,0.03,1.3,5.0,2026 copied table
2026,11563,Bo Nix,QB,DEN,0.28,1,0.02,1.5,5.0,2026 copied table
2026,4046,Patrick Mahomes,QB,KC,0.37,1,0.03,3.0,5.0,2026 copied table
2026,3163,Jared Goff,QB,DET,0.23,0.4,0.02,0.8,5.0,2026 copied table
2026,6786,CeeDee Lamb,WR,DAL,0.44,1.3,0.03,2.3,5.0,2026 copied table
2026,6813,Jonathan Taylor,RB,IND,0.37,1,0.03,0.4,5.0,2026 copied table
2026,421,Matthew Stafford,QB,LAR,0.39,1.4,0.03,2.6,5.0,2026 copied table
2026,12545,Tyler Shough,QB,NO,0.17,0,0.01,0.5,5.0,2026 copied table
2026,6804,Jordan Love,QB,GB,0.82,1,0.1,2.4,5.0,2026 copied table
2026,8138,James Cook,RB,BUF,0.36,0.2,0.03,1.0,5.0,2026 copied table
2026,12527,Ashton Jeanty,RB,LVR,0.39,1,0.03,1.1,5.0,2026 copied table
2026,4892,Baker Mayfield,QB,TB,0.37,0.9,0.03,2.5,5.0,2026 copied table
2026,6794,Justin Jefferson,WR,MIN,0.36,1.2,0.03,0.5,5.0,2026 copied table
2026,10229,Rashee Rice,WR,KC,0.74,1,0.08,2.2,3.8,2026 copied table
2026,5859,A.J. Brown,WR,NE,0.61,1.4,0.05,2.6,5.0,2026 copied table
2026,9758,C.J. Stroud,QB,HOU,0.29,1,0.02,1.2,5.0,2026 copied table
2026,5870,Daniel Jones,QB,IND,0.36,1.6,0.03,2.4,3.5,2026 copied table
2026,8112,Drake London,WR,ATL,0.73,1.4,0.07,2.6,5.0,2026 copied table
2026,7569,Nico Collins,WR,HOU,0.49,1.6,0.04,1.3,4.0,2026 copied table
2026,8161,Malik Willis,QB,MIA,0.15,0.2,0.01,0.7,5.0,2026 copied table
2026,9226,De'Von Achane,RB,MIA,0.68,2,0.06,0.8,5.0,2026 copied table
2026,8151,Kenneth Walker III,RB,KC,0.34,1.6,0.02,1.1,5.0,2026 copied table
2026,4866,Saquon Barkley,RB,PHI,0.35,1.3,0.03,0.9,5.0,2026 copied table
2026,9224,Chase Brown,RB,CIN,0.45,1,0.03,1.5,5.0,2026 copied table
2026,5850,Josh Jacobs,RB,GB,0.67,1.1,0.06,1.3,5.0,2026 copied table
2026,12522,Cameron Ward,QB,TEN,0.39,1,0.03,0.9,5.0,2026 copied table
2026,3198,Derrick Henry,RB,BAL,0.33,0.4,0.02,0.6,5.0,2026 copied table
2026,8137,George Pickens,WR,DAL,0.36,0.2,0.03,1.2,4.8,2026 copied table
2026,4943,Sam Darnold,QB,SEA,0.29,1,0.02,1.4,4.1,2026 copied table
2026,11604,Brock Bowers,TE,LVR,0.81,2,0.09,2.7,5.0,2026 copied table
2026,96,Aaron Rodgers,QB,PIT,0.53,0.8,0.04,2.9,4.8,2026 copied table
2026,12507,Omarion Hampton,RB,LAC,0.73,1,0.07,2.1,2.5,2026 copied table
2026,8130,Trey McBride,TE,ARI,0.46,0.4,0.04,2.5,5.0,2026 copied table
2026,9997,Zay Flowers,WR,BAL,0.36,1,0.03,1.3,5.0,2026 copied table
2026,8144,Chris Olave,WR,NO,0.75,1.2,0.08,2.2,5.0,2026 copied table
2026,8155,Breece Hall,RB,NYJ,0.43,0.4,0.03,1.4,5.0,2026 copied table
2026,3257,Jacoby Brissett,QB,ARI,0.1,0.2,0.01,0.4,5.0,2026 copied table
2026,9228,Bryce Young,QB,CAR,0.32,0.7,0.02,1.8,5.0,2026 copied table
2026,6801,Tee Higgins,WR,CIN,0.66,2.3,0.06,1.6,5.0,2026 copied table
2026,8146,Garrett Wilson,WR,NYJ,0.38,1,0.03,1.5,5.0,2026 copied table
2026,13287,Jeremiyah Love,RB,ARI,0.34,TBD,0.02,1.2,5.0,2026 copied table
2026,7525,DeVonta Smith,WR,PHI,0.5,1.2,0.04,3.5,5.0,2026 copied table
2026,1373,Geno Smith,QB,NYJ,0.36,0.7,0.03,2.3,5.0,2026 copied table
2026,12517,Colston Loveland,TE,CHI,0.6,2,0.05,1.0,3.8,2026 copied table
2026,11632,Malik Nabers,WR,NYG,0.39,2.5,0.03,0.9,1.1,2026 copied table
2026,13269,Fernando Mendoza,QB,LVR,0.23,TBD,0.02,0.9,5.0,2026 copied table
2026,7588,Javonte Williams,RB,DAL,0.43,0.8,0.03,1.9,5.0,2026 copied table
2026,7526,Jaylen Waddle,WR,DEN,0.37,1,0.03,1.5,5.0,2026 copied table
2026,8150,Kyren Williams,RB,LAR,0.52,1,0.04,1.7,4.3,2026 copied table
2026,2133,Davante Adams,WR,LAR,0.49,1.1,0.04,2.9,5.0,2026 copied table
2026,12481,Cameron Skattebo,RB,NYG,0.72,1,0.07,0.9,0.8,2026 copied table
2026,12518,Tyler Warren,TE,IND,0.36,0,0.03,1.3,5.0,2026 copied table
2026,7543,Travis Etienne,RB,NO,0.45,0.5,0.03,1.4,3.5,2026 copied table
2026,8167,Christian Watson,WR,GB,0.25,2.2,0.02,0.8,2.4,2026 copied table
2026,12526,Tetairoa McMillan,WR,CAR,0.37,1,0.03,1.4,5.0,2026 copied table
2026,12514,Emeka Egbuka,WR,TB,0.42,1,0.03,3.3,4.9,2026 copied table
2026,12519,Luther Burden III,WR,CHI,0.54,3,0.04,1.4,5.0,2026 copied table
2026,6790,D'Andre Swift,RB,CHI,0.42,0.8,0.03,1.6,5.0,2026 copied table
2026,11635,Ladd McConkey,WR,LAC,0.42,1,0.03,3.1,5.0,2026 copied table
2026,5927,Terry McLaurin,WR,WAS,0.37,1.4,0.03,2.1,5.0,2026 copied table
2026,2216,Mike Evans,WR,SF,0.65,1.2,0.06,2.4,5.0,2026 copied table
2026,5892,David Montgomery,RB,HOU,0.85,1.1,0.11,1.9,5.0,2026 copied table
2026,8148,Jameson Williams,WR,DET,0.36,0.8,0.03,1.4,5.0,2026 copied table
2026,11584,Bucky Irving,RB,TB,0.63,1.5,0.06,2.1,4.2,2026 copied table
2026,4983,D.J. Moore,WR,BUF,0.54,1,0.04,2.7,5.0,2026 copied table
2026,5846,D.K. Metcalf,WR,PIT,0.36,0.9,0.03,1.1,5.0,2026 copied table
2026,11620,Rome Odunze,WR,CHI,0.36,1,0.03,1.5,5.0,2026 copied table
2026,8228,Jaylen Warren,RB,PIT,0.66,1,0.06,1.4,5.0,2026 copied table
2026,6819,Michael Pittman Jr.,WR,PIT,0.6,1.5,0.05,2.8,5.0,2026 copied table
2026,5045,Courtland Sutton,WR,DEN,0.43,0.8,0.03,3.6,4.9,2026 copied table
2026,13279,Carnell Tate,WR,TEN,0.4,TBD,0.03,2.9,4.0,2026 copied table
2026,9484,Tucker Kraft,TE,GB,0.39,1.3,0.03,2.2,2.7,2026 copied table
2026,12512,Quinshon Judkins,RB,CLE,0.48,2,0.04,0.9,5.0,2026 copied table
2026,10222,Jayden Reed,WR,GB,0.36,1.3,0.03,2.0,4.1,2026 copied table
2026,12529,TreVeyon Henderson,RB,NE,0.64,1,0.06,1.1,5.0,2026 copied table
2026,12506,Harold Fannin Jr.,TE,CLE,0.57,1,0.05,1.6,5.0,2026 copied table
2026,9756,Jordan Addison,WR,MIN,0.37,1.3,0.03,2.1,5.0,2026 copied table
2026,10859,Sam LaPorta,TE,DET,0.6,2,0.05,2.4,5.0,2026 copied table
2026,11628,Marvin Harrison Jr.,WR,ARI,0.55,2.5,0.05,1.8,5.0,2026 copied table
2026,13281,Jordyn Tyson,WR,NO,0.45,TBD,0.03,3.2,0.7,2026 copied table
2026,5947,Jakobi Meyers,WR,JAC,0.37,0.6,0.03,1.6,5.0,2026 copied table
2026,9500,Josh Downs,WR,IND,0.61,1.7,0.05,2.7,5.0,2026 copied table
2026,7611,Rhamondre Stevenson,RB,NE,0.64,1.4,0.06,2.0,5.0,2026 copied table
2026,11631,Brian Thomas Jr.,WR,JAC,0.35,2.5,0.03,1.9,5.0,2026 copied table
2026,9754,Quentin Johnston,WR,LAC,0.56,1.3,0.05,2.8,5.0,2026 copied table
2026,4037,Chris Godwin,WR,TB,0.4,1,0.03,3.3,5.0,2026 copied table
2026,8142,Alec Pierce,WR,IND,0.67,0.8,0.06,2.7,5.0,2026 copied table
2026,7553,Kyle Pitts,TE,ATL,0.53,1,0.04,3.1,5.0,2026 copied table
2026,4217,George Kittle,TE,SF,0.44,1.8,0.03,2.3,4.7,2026 copied table
2026,1466,Travis Kelce,TE,KC,0.42,0.8,0.03,2.4,5.0,2026 copied table
2026,11624,Xavier Worthy,WR,KC,0.35,1,0.03,1.9,5.0,2026 copied table
2026,12490,Bhayshul Tuten,RB,JAC,0.43,2,0.03,0.7,5.0,2026 copied table
2026,7021,Rico Dowdle,RB,PIT,0.27,0,0.02,1.0,5.0,2026 copied table
2026,5967,Tony Pollard,RB,TEN,0.35,0.4,0.03,0.9,5.0,2026 copied table
2026,8121,Romeo Doubs,WR,NE,0.37,1,0.03,2.0,5.0,2026 copied table
2026,2449,Stefon Diggs,WR,WAS,0.31,0.7,0.02,1.0,5.0,2026 copied table
2026,7594,Chuba Hubbard,RB,CAR,0.36,0.4,0.03,0.8,5.0,2026 copied table
2026,13298,KC Concepcion,WR,CLE,0.29,TBD,0.02,1.0,5.0,2026 copied table
2026,12484,Jayden Higgins,WR,HOU,0.23,0,0.02,1.4,5.0,2026 copied table
2026,10232,Michael Wilson,WR,ARI,0.42,1.3,0.03,2.7,4.9,2026 copied table
2026,8134,Khalil Shakir,WR,BUF,0.35,0.6,0.03,0.9,5.0,2026 copied table
2026,13286,Jadarian Price,RB,SEA,0.29,TBD,0.02,0.8,0.5,2026 copied table
2026,8126,Wan'Dale Robinson,WR,TEN,0.36,0.6,0.03,1.8,4.5,2026 copied table
2026,5872,Deebo Samuel,WR,SF,0.51,2.6,0.04,3.6,2.5,2026 copied table
2026,6806,J.K. Dobbins,RB,DEN,0.39,1.2,0.03,2.2,0.9,2026 copied table
2026,13294,Makai Lemon,WR,PHI,0.33,TBD,0.02,1.7,0.0,2026 copied table
2026,8110,Jake Ferguson,TE,DAL,0.55,0.8,0.05,2.8,5.0,2026 copied table
2026,12489,RJ Harvey,RB,DEN,0.36,1,0.03,1.3,5.0,2026 copied table
2026,8408,Jordan Mason,RB,MIN,0.39,1,0.03,1.9,5.0,2026 copied table
2026,12501,Matthew Golden,WR,GB,0.37,1,0.03,0.9,1.9,2026 copied table
2026,5022,Dallas Goedert,TE,PHI,0.83,1.3,0.1,3.6,4.5,2026 copied table
2026,5012,Mark Andrews,TE,BAL,0.36,0.6,0.03,0.9,5.0,2026 copied table
2026,10236,Dalton Kincaid,TE,BUF,0.62,2,0.06,2.3,5.0,2026 copied table
2026,9480,Brenton Strange,TE,JAC,0.48,0.7,0.04,3.4,5.0,2026 copied table
2026,8676,Rashid Shaheed,WR,SEA,0.38,1,0.03,2.4,3.6,2026 copied table
2026,11583,Jonathon Brooks,RB,CAR,0.35,0.5,0.03,0.9,0.4,2026 copied table
2026,12533,Jacory Croskey-Merritt,RB,WAS,0.3,0,0.02,0.9,5.0,2026 copied table
2026,8131,Isaiah Likely,TE,NYG,0.73,0.6,0.07,3.0,5.0,2026 copied table
2026,3214,Hunter Henry,TE,NE,0.47,0.9,0.04,2.8,5.0,2026 copied table
2026,11618,Jalen McMillan,WR,TB,0.39,1,0.03,1.9,5.0,2026 copied table
2026,1479,Keenan Allen,WR,UNS,0.49,1.1,0.04,4.1,4.2,2026 copied table
2026,7002,Juwan Johnson,TE,NO,0.45,0.8,0.03,2.9,5.0,2026 copied table
2026,7567,Kenneth Gainwell,RB,TB,0.31,0.4,0.02,1.2,5.0,2026 copied table
2026,11646,Jalen Coker,WR,CAR,0.18,0,0.01,1.7,5.0,2026 copied table
2026,8136,Rachaad White,RB,WAS,0.39,0.4,0.03,1.2,5.0,2026 copied table
2026,9508,Tyjae Spears,RB,TEN,0.37,1.7,0.03,1.0,4.6,2026 copied table
2026,5001,Dalton Schultz,TE,HOU,0.57,0.8,0.05,2.8,5.0,2026 copied table
2026,5844,T.J. Hockenson,TE,MIN,0.51,1.1,0.04,2.9,4.5,2026 copied table
2026,13276,Omar Cooper Jr.,WR,NYJ,0.38,TBD,0.03,2.2,1.6,2026 copied table
2026,13330,Kenyon Sadiq,TE,NYJ,0.24,TBD,0.02,0.9,5.0,2026 copied table
2026,13346,Denzel Boston,WR,CLE,0.42,TBD,0.03,2.9,5.0,2026 copied table
2026,8210,Chigoziem Okonkwo,TE,WAS,0.22,0.2,0.01,0.6,5.0,2026 copied table
2026,4199,Aaron Jones,RB,MIN,0.65,2.1,0.06,2.4,5.0,2026 copied table
2026,11586,Blake Corum,RB,LAR,0.33,0.5,0.02,0.6,3.5,2026 copied table
2026,4981,Calvin Ridley,WR,TEN,0.48,0.6,0.04,3.7,5.0,2026 copied table
2026,11625,Adonai Mitchell,WR,NYJ,0.28,0,0.02,1.1,3.9,2026 copied table
2026,6783,Jerry Jeudy,WR,CLE,0.32,1.3,0.02,0.7,5.0,2026 copied table
2026,13274,Germie Bernard,WR,PIT,0.37,TBD,0.03,1.3,5.0,2026 copied table
2026,8111,Cade Otton,TE,TB,0.64,0.4,0.06,2.9,5.0,2026 copied table
2026,7049,Jauan Jennings,WR,MIN,0.33,1.5,0.02,0.7,5.0,2026 copied table
2026,7600,Pat Freiermuth,TE,PIT,0.39,1.4,0.03,1.6,5.0,2026 copied table
2026,11603,AJ Barner,TE,SEA,0.28,0,0.02,1.1,5.0,2026 copied table
2026,11559,Michael Penix Jr.,QB,ATL,0.39,1,0.03,3.3,1.9,2026 copied table
2026,12469,Dylan Sampson,RB,CLE,0.34,1,0.02,1.0,5.0,2026 copied table
2026,9753,Zach Charbonnet,RB,SEA,0.37,1,0.03,0.8,5.0,2026 copied table
2026,7571,Rashod Bateman,WR,BAL,0.33,1.2,0.02,0.8,4.3,2026 copied table
2026,12536,Jaylin Noel,WR,HOU,0.19,0,0.01,1.6,5.0,2026 copied table
2026,4039,Cooper Kupp,WR,SEA,0.36,1.1,0.03,0.9,4.4,2026 copied table
2026,6149,Darius Slayton,WR,NYG,0.39,1.6,0.03,2.4,5.0,2026 copied table
2026,8205,Isiah Pacheco,RB,DET,0.36,1.2,0.03,1.3,5.0,2026 copied table
2026,12509,Tre Harris,WR,LAC,0.42,0,0.03,1.8,5.0,2026 copied table
2026,11783,Ryan Flournoy,WR,DAL,0.33,0.5,0.02,0.8,5.0,2026 copied table
2026,6803,Brandon Aiyuk,WR,UNS,0.33,0.8,0.02,1.0,2.7,2026 copied table
2026,6768,Tua Tagovailoa,QB,ATL,0.27,1.7,0.02,1.3,3.8,2026 copied table
2026,13320,Zachariah Branch,WR,ATL,0.2,TBD,0.01,1.0,5.0,2026 copied table
2026,4035,Alvin Kamara,RB,NO,0.39,0.9,0.03,1.2,3.4,2026 copied table
2026,8172,Greg Dulcich,TE,MIA,0.22,0.8,0.01,0.3,2.0,2026 copied table
2026,4993,Mike Gesicki,TE,CIN,0.42,0.5,0.03,2.3,5.0,2026 copied table
2026,12524,Shedeur Sanders,QB,CLE,0.34,2,0.02,1.2,5.0,2026 copied table
2026,11655,Tyrone Tracy Jr.,RB,NYG,0.34,1,0.02,1.5,5.0,2026 copied table
2026,9511,Keaton Mitchell,RB,LAC,0.33,1.3,0.02,2.1,5.0,2026 copied table
2026,10219,Chris Rodriguez,RB,JAC,0.27,0.7,0.02,0.5,5.0,2026 copied table
2026,12492,Pat Bryant,WR,DEN,0.65,4,0.06,2.0,5.0,2026 copied table
2026,4066,Evan Engram,TE,DEN,0.39,1.2,0.03,1.6,5.0,2026 copied table
2026,4017,Deshaun Watson,QB,CLE,0.29,0.7,0.02,1.1,1.3,2026 copied table
2026,7090,Darnell Mooney,WR,NYG,0.55,1.7,0.05,3.3,5.0,2026 copied table
2026,8132,Tyler Allgeier,RB,ARI,0.23,0,0.02,0.7,5.0,2026 copied table
2026,9486,Dontayvion Wicks,WR,PHI,0.35,1.3,0.03,0.8,5.0,2026 copied table
2026,8154,Brian Robinson Jr.,RB,ATL,0.36,0.8,0.03,1.3,5.0,2026 copied table
2026,8188,Tyquan Thornton,WR,KC,0.14,0.6,0.01,1.0,5.0,2026 copied table
2026,4454,Kendrick Bourne,WR,ARI,0.25,0.1,0.02,0.5,5.0,2026 copied table
2026,9479,Darnell Washington,TE,PIT,0.34,1,0.02,1.5,5.0,2026 copied table
2026,11637,Keon Coleman,WR,BUF,0.24,0.5,0.02,1.4,5.0,2026 copied table
2026,4033,David Njoku,TE,LAC,0.81,1.2,0.09,2.7,4.5,2026 copied table
2026,5995,Justice Hill,RB,BAL,0.32,1,0.02,1.4,2.9,2026 copied table
2026,9494,Marvin Mims Jr.,WR,DEN,0.41,1,0.03,1.7,5.0,2026 copied table
2026,12530,Travis Hunter,WR,JAC,0.44,2,0.03,2.2,0.4,2026 copied table
2026,8119,Jahan Dotson,WR,ATL,0.25,0.2,0.02,0.8,5.0,2026 copied table
2026,9482,Michael Mayer,TE,LVR,0.36,1,0.03,1.7,5.0,2026 copied table
2026,2505,Darren Waller,TE,UNS,0.54,1.4,0.04,2.1,2.5,2026 copied table
2026,11581,MarShawn Lloyd,RB,GB,0.72,2.5,0.07,2.7,0.6,2026 copied table
2026,7670,Joshua Palmer,WR,BUF,0.42,1.6,0.03,3.0,5.0,2026 copied table
2026,12457,Jaydon Blue,RB,DAL,0.22,2,0.01,1.0,5.0,2026 copied table
2026,10226,Andrei Iosivas,WR,CIN,0.08,0,0.0,0.6,5.0,2026 copied table
2026,4137,James Conner,RB,ARI,0.34,1.9,0.02,1.3,3.4,2026 copied table
2026,11627,Troy Franklin,WR,DEN,0.36,0.5,0.03,1.3,5.0,2026 copied table
2026,4147,Samaje Perine,RB,CIN,0.36,0.4,0.03,1.2,5.0,2026 copied table
2026,11626,Xavier Legette,WR,CAR,0.35,2,0.03,1.3,5.0,2026 copied table
2026,9502,Nathaniel Dell,WR,HOU,0.17,1.3,0.01,0.5,3.1,2026 copied table
2026,4144,Jonnu Smith,TE,UNS,0.29,1.1,0.02,1.2,5.0,2026 copied table
2026,13268,Elijah Sarratt,WR,BAL,0.4,TBD,0.03,2.2,5.0,2026 copied table
2026,1426,DeAndre Hopkins,WR,UNS,0.28,1.2,0.02,0.9,5.0,2026 copied table
2026,6039,Ty Johnson,RB,BUF,0.29,0.4,0.02,1.2,5.0,2026 copied table
2026,4082,Curtis Samuel,WR,UNS,0.36,1.2,0.03,1.2,5.0,2026 copied table
2026,8127,Charlie Kolar,TE,LAC,0.14,0.2,0.01,0.3,2.6,2026 copied table
2026,12483,Jack Bech,WR,LVR,0.29,0,0.02,0.5,5.0,2026 copied table
2026,13301,Antonio Williams,WR,WAS,0.52,TBD,0.04,3.5,5.0,2026 copied table
2026,13337,Emmett Johnson,RB,KC,0.18,TBD,0.01,0.8,5.0,2026 copied table
2026,12497,Tory Horton,WR,SEA,0.46,1,0.04,1.2,1.8,2026 copied table
2026,6271,Olamide Zaccheaus,WR,ATL,0.07,0,0.0,0.6,5.0,2026 copied table
2026,13349,Eli Stowers,TE,PHI,0.24,TBD,0.02,0.9,0.7,2026 copied table
2026,12499,Elic Ayomanor,WR,TEN,0.07,0,0.0,0.6,5.0,2026 copied table
2026,8125,Calvin Austin III,WR,NYG,0.27,0.8,0.02,0.7,4.0,2026 copied table
2026,12521,Elijah Arroyo,TE,SEA,0.48,1,0.04,2.1,0.7,2026 copied table
2026,5848,Marquise Brown,WR,PHI,0.19,1.9,0.01,0.6,3.7,2026 copied table
2026,11576,Braelon Allen,RB,NYJ,0.42,1,0.03,2.9,1.2,2026 copied table
2026,3200,Sterling Shepard,WR,UNS,0.26,1.4,0.02,0.4,2.8,2026 copied table
2026,13305,Mike Washington Jr.,RB,LVR,0.21,TBD,0.01,0.7,5.0,2026 copied table
2026,11589,Trey Benson,RB,ARI,0.25,1,0.02,0.3,1.4,2026 copied table
2026,12455,Brashard Smith,RB,KC,0.22,0,0.01,0.8,5.0,2026 copied table
2026,13311,Chris Bell,WR,MIA,0.36,TBD,0.03,2.2,5.0,2026 copied table
2026,12544,LeQuint Allen,RB,JAC,0.21,0,0.01,0.7,5.0,2026 copied table
2026,3634,Kalif Raymond,WR,CHI,0.07,0,0.0,0.5,5.0,2026 copied table
2026,7528,Najee Harris,RB,UNS,0.39,1.4,0.03,4.5,5.0,2026 copied table
2026,12498,Mason Taylor,TE,NYJ,0.39,1,0.03,1.0,5.0,2026 copied table
2026,9506,Sean Tucker,RB,TB,0.2,0,0.01,0.7,5.0,2026 copied table
2026,5906,Dawson Knox,TE,BUF,0.21,0.9,0.01,0.8,5.0,2026 copied table
2026,11600,Ja'Tavion Sanders,TE,CAR,0.31,1.5,0.02,0.9,4.3,2026 copied table
2026,4950,Christian Kirk,WR,SF,0.35,0.9,0.03,1.4,5.0,2026 copied table
2026,13405,Kaytron Allen,RB,WAS,0.24,TBD,0.02,0.9,5.0,2026 copied table
2026,12503,Isaiah Bond,WR,CLE,0.12,0,0.01,1.0,5.0,2026 copied table
2026,13288,Nicholas Singleton,RB,TEN,0.19,TBD,0.01,0.9,5.0,2026 copied table
2026,6826,Cole Kmet,TE,CHI,0.35,0.7,0.03,2.9,5.0,2026 copied table
2026,4098,Kareem Hunt,RB,UNS,0.36,0.8,0.03,1.4,5.0,2026 copied table
2026,11650,Luke McCaffrey,WR,WAS,0.13,0.5,0.01,1.0,3.5,2026 copied table
2026,4177,Mack Hollins,WR,NE,0.22,0.1,0.01,1.0,5.0,2026 copied table
2026,6945,Antonio Gibson,RB,UNS,0.31,1.5,0.02,1.8,4.3,2026 copied table
2026,13285,Malachi Fields,WR,NYG,0.19,TBD,0.01,0.6,2.6,2026 copied table
2026,9225,Tank Bigsby,RB,PHI,0.22,0.7,0.01,0.7,5.0,2026 copied table
2026,5857,Noah Fant,TE,NO,0.29,1.3,0.02,1.0,5.0,2026 copied table
2026,11597,Theo Johnson,TE,NYG,0.23,0,0.02,1.3,5.0,2026 copied table
2026,11630,Roman Wilson,WR,PIT,0.07,0.5,0.0,0.7,5.0,2026 copied table
2026,3202,Austin Hooper,TE,ATL,0.16,0.4,0.01,0.7,5.0,2026 copied table
2026,5955,Hunter Renfrow,WR,UNS,0.18,0.4,0.01,0.7,5.0,2026 copied table
2026,8135,Treylon Burks,WR,WAS,0.29,1.6,0.02,1.2,4.0,2026 copied table
2026,4988,Nick Chubb,RB,UNS,0.28,0.9,0.02,0.6,3.3,2026 copied table
2026,12547,Kyle Williams,WR,NE,0.06,0,0.0,0.8,5.0,2026 copied table
2026,7587,Dyami Brown,WR,WAS,0.36,1.2,0.03,1.3,5.0,2026 copied table
2026,13272,Carson Beck,QB,ARI,0.29,TBD,0.02,1.3,5.0,2026 copied table
2026,3271,Tyler Higbee,TE,LAR,0.34,1.2,0.02,1.6,5.0,2026 copied table
2026,12505,Jalen Royals,WR,KC,0.28,1,0.02,0.9,1.9,2026 copied table
2026,1166,Kirk Cousins,QB,LVR,0.19,0.1,0.01,0.7,5.0,2026 copied table
2026,8225,Daniel Bellinger,TE,TEN,0.28,1,0.02,1.0,5.0,2026 copied table
2026,11643,Jaylen Wright,RB,MIA,0.23,0.5,0.02,0.5,5.0,2026 copied table
2026,4663,Austin Ekeler,RB,UNS,0.36,1.6,0.03,2.2,3.6,2026 copied table
2026,9757,Kendre Miller,RB,NO,0.33,2.3,0.02,2.4,1.4,2026 copied table
2026,6130,Devin Singletary,RB,NYG,0.29,0.3,0.02,0.7,5.0,2026 copied table
2026,5970,Greg Dortch,WR,DET,0.18,0.3,0.01,0.8,5.0,2026 copied table
2026,9501,Demario Douglas,WR,NE,0.15,0.7,0.01,0.8,5.0,2026 copied table
2026,11599,Cade Stover,TE,HOU,0.36,2.5,0.03,0.9,3.3,2026 copied table
2026,5987,Alexander Mattison,RB,UNS,0.27,1,0.02,0.7,5.0,2026 copied table
2026,6151,Miles Sanders,RB,UNS,0.35,2,0.03,1.9,3.0,2026 copied table
2026,5010,Will Dissly,TE,UNS,0.08,0.5,0.0,0.2,3.8,2026 copied table
2026,3321,Tyreek Hill,WR,UNS,0.42,1.1,0.03,2.5,5.0,2026 copied table
2026,11575,Ray Davis,RB,BUF,0.24,0.5,0.02,1.2,5.0,2026 copied table
2026,11596,Ben Sinnott,TE,WAS,0.2,0,0.01,1.3,5.0,2026 copied table
2026,8143,Jerome Ford,RB,WAS,0.44,1.2,0.03,3.3,4.6,2026 copied table
2026,11629,Devontez Walker,WR,BAL,0.08,0,0.0,0.4,2.2,2026 copied table
2026,10444,Cedric Tillman,WR,CLE,0.34,1.3,0.02,0.9,3.1,2026 copied table
2026,11199,Emari Demercado,RB,KC,0.23,1.7,0.02,0.4,5.0,2026 copied table
2026,8147,John Metchie,WR,CAR,0.13,0.6,0.01,0.9,5.0,2026 copied table
2026,6869,Adam Trautman,TE,DEN,0.12,0.5,0.01,0.6,5.0,2026 copied table
2026,12531,Trevor Etienne,RB,CAR,0.18,0,0.01,0.9,5.0,2026 copied table
2026,5086,Marquez Valdes-Scantling,WR,DAL,0.17,1,0.01,0.3,5.0,2026 copied table
2026,9481,Luke Musgrave,TE,GB,0.16,1,0.01,0.5,2.3,2026 copied table
2026,4040,JuJu Smith-Schuster,WR,NYG,0.56,1.6,0.05,2.8,4.4,2026 copied table
2026,8230,Ty Chandler,RB,NO,0.17,0,0.01,0.7,4.6,2026 copied table
2026,12471,DJ Giddens,RB,IND,0.17,0,0.01,0.8,5.0,2026 copied table
2026,6853,Van Jefferson,WR,WAS,0.22,0.8,0.01,0.7,5.0,2026 copied table
2026,12504,Kaleb Johnson,RB,PIT,0.19,0,0.01,0.9,2.4,2026 copied table
2026,7066,K.J. Osborn,WR,TEN,0.17,0.3,0.01,0.7,5.0,2026 copied table
2026,11577,Will Shipley,RB,PHI,0.19,0,0.01,0.9,3.3,2026 copied table
2026,5973,Josh Oliver,TE,MIN,0.09,0.4,0.01,0.4,3.7,2026 copied table
2026,5133,Tyler Conklin,TE,DET,0.13,0.3,0.01,0.7,5.0,2026 copied table
2026,10225,Jonathan Mingo,WR,DAL,0.18,1,0.01,0.6,3.4,2026 copied table
2026,11565,J.J. McCarthy,QB,MIN,0.36,2.5,0.03,1.4,0.9,2026 copied table
2026,7607,Michael Carter,RB,TEN,0.19,0.6,0.01,0.7,5.0,2026 copied table
2026,2078,Odell Beckham Jr.,WR,NYG,0.3,1.4,0.02,1.0,2.8,2026 copied table
2026,11579,Audric Estime,RB,NO,0.14,1,0.01,0.4,5.0,2026 copied table
2026,13354,Eric McAlister,WR,RK,0.12,TBD,0.01,0.6,5.0,2026 copied table
2026,11651,Isaac Guerendo,RB,SF,0.33,3.5,0.02,0.9,5.0,2026 copied table
2026,13275,Ty Simpson,QB,LAR,0.35,TBD,0.03,1.7,0.1,2026 copied table
2026,6001,Drew Sample,TE,CIN,0.1,0.3,0.01,0.3,4.8,2026 copied table
2026,10871,Luke Schoonmaker,TE,DAL,0.13,0.3,0.01,0.9,5.0,2026 copied table
2026,4351,Tim Patrick,WR,NYJ,0.07,0.3,0.0,0.1,2.9,2026 copied table
2026,12539,Arian Smith,WR,NYJ,0.06,0,0.0,0.5,5.0,2026 copied table
2026,9497,Jalin Hyatt,WR,NYG,0.15,0.7,0.01,0.6,5.0,2026 copied table
2026,4054,Mo Alie-Cox,TE,IND,0.13,0.4,0.01,0.6,5.0,2026 copied table
2026,11617,Malachi Corley,WR,CLE,0.11,0,0.01,0.9,5.0,2026 copied table
2026,10235,Roschon Johnson,RB,CHI,0.18,0.5,0.01,0.8,5.0,2026 copied table
2026,11636,Johnny Wilson,WR,PHI,0.08,1,0.0,0.3,5.0,2026 copied table
2026,5917,Mecole Hardman,WR,BUF,0.09,0.3,0.01,0.5,5.0,2026 copied table
2026,11439,Jaleel McLaughlin,RB,DEN,0.17,0.3,0.01,0.8,5.0,2026 copied table
2026,6927,Quez Watkins,WR,PHI,0.07,0,0.0,0.6,5.0,2026 copied table
2026,5008,Durham Smythe,TE,BAL,0.15,0.3,0.01,1.2,5.0,2026 copied table
2026,7535,Hunter Long,TE,JAC,0.12,0.2,0.01,0.7,5.0,2026 copied table
2026,7537,Jaret Patterson,RB,LAC,0.15,0,0.01,0.6,5.0,2026 copied table
2026,8168,Skyy Moore,WR,GB,0.28,1,0.02,0.6,5.0,2026 copied table
2026,5121,Braxton Berrios,WR,NYG,0.06,0,0.0,0.6,5.0,2026 copied table
2026,11574,Dylan Laube,RB,LVR,0.07,0,0.0,0.3,5.0,2026 copied table
2026,2374,Tyler Lockett,WR,UNS,0.33,0.7,0.02,1.9,5.0,2026 copied table
2026,4381,Taysom Hill,TE,UNS,0.34,1.4,0.02,1.3,2.9,2026 copied table
2026,11619,Ja'Lynn Polk,WR,UNS,0.35,1.5,0.03,0.8,1.1,2026 copied table
2026,6847,Devin Duvernay,WR,ARI,0.06,0,0.0,0.6,5.0,2026 copied table
2026,7720,Kene Nwangwu,RB,NYJ,0.07,0,0.0,0.3,5.0,2026 copied table
2026,4018,Joe Mixon,RB,UNS,0.66,1.1,0.06,2.6,5.0,2026 copied table
