season,week,game_id,player_id,receiving_tds_40_plus,receiving_tds_50_plus,rushing_tds_40_plus,rushing_tds_50_plus,pick_sixes_thrown,fumble_recovery_tds,special_teams_fumbles_forced,special_teams_fumbles_recovered
2025,1,2025_01_BAL_BUF,00-0032764,0.0,0.0,1.0,0.0,0.0,0.0,0.0,0.0
2025,1,2025_01_MIN_CHI,00-0039923,0.0,0.0,0.0,0.0,1.0,0.0,0.0,0.0
2025,1,2025_01_PIT_NYJ,00-0036862,0.0,0.0,0.0,0.0,0.0,0.0,0.0,1.0
2025,1,2025_01_PIT_NYJ,00-0036919,0.0,0.0,0.0,0.0,0.0,0.0,1.0,0.0
2025,1,2025_01_PIT_NYJ,00-0037526,0.0,0.0,0.0,0.0,0.0,0.0,1.0,0.0
2025,1,2025_01_TB_ATL,00-0038542,1.0,1.0,0.0,0.0,0.0,0.0,0.0,0.0
2025,1,2025_01_TEN_DEN,00-0040503,0.0,0.0,0.0,0.0,0.0,0.0,0.0,1.0
2025,2,2025_02_ATL_MIN,00-0034639,0.0,0.0,0.0,0.0,0.0,0.0,0.0,1.0
2025,2,2025_02_BUF_NYJ,00-0037248,0.0,0.0,1.0,0.0,0.0,0.0,0.0,0.0
2025,2,2025_02_CHI_DET,00-0037240,1.0,0.0,0.0,0.0,0.0,0.0,0.0,0.0
2025,2,2025_02_JAX_CIN,00-0036410,1.0,0.0,0.0,0.0,0.0,0.0,0.0,0.0
2025,2,2025_02_LAC_LV,00-0038544,1.0,1.0,0.0,0.0,0.0,0.0,0.0,0.0
2025,2,2025_02_LA_TEN,00-0039075,0.0,0.0,1.0,0.0,0.0,0.0,0.0,0.0
2025,2,2025_02_NYG_DAL,00-0039337,1.0,0.0,0.0,0.0,0.0,0.0,0.0,0.0
2025,2,2025_02_PHI_KC,00-0038104,1.0,0.0,0.0,0.0,0.0,0.0,0.0,0.0
2025,2,2025_02_SF_NO,00-0036259,1.0,0.0,0.0,0.0,0.0,0.0,0.0,0.0
2025,3,2025_03_ATL_CAR,00-0038628,0.0,0.0,0.0,0.0,0.0,0.0,0.0,1.0
2025,3,2025_03_ATL_CAR,00-0039917,0.0,0.0,0.0,0.0,1.0,0.0,0.0,0.0
2025,3,2025_03_CIN_MIN,00-0035100,0.0,0.0,0.0,0.0,1.0,0.0,0.0,0.0
2025,3,2025_03_DAL_CHI,00-0040735,1.0,1.0,0.0,0.0,0.0,0.0,0.0,0.0
2025,3,2025_03_DEN_LAC,00-0034348,1.0,1.0,0.0,0.0,0.0,0.0,0.0,0.0
2025,3,2025_03_DEN_LAC,00-0038605,0.0,0.0,0.0,0.0,0.0,0.0,0.0,1.0
2025,3,2025_03_DEN_LAC,00-0039809,0.0,0.0,0.0,0.0,0.0,0.0,1.0,0.0
2025,3,2025_03_HOU_JAX,00-0036554,1.0,1.0,0.0,0.0,0.0,0.0,0.0,0.0
2025,3,2025_03_IND_TEN,00-0036223,0.0,0.0,1.0,0.0,0.0,0.0,0.0,0.0
2025,3,2025_03_IND_TEN,00-0040676,0.0,0.0,0.0,0.0,1.0,0.0,0.0,0.0
2025,3,2025_03_LA_PHI,00-0031381,1.0,0.0,0.0,0.0,0.0,0.0,0.0,0.0
2025,3,2025_03_LV_WAS,00-0033955,0.0,0.0,1.0,1.0,0.0,0.0,0.0,0.0
2025,3,2025_03_LV_WAS,00-0038563,1.0,1.0,0.0,0.0,0.0,0.0,0.0,0.0
2025,3,2025_03_LV_WAS,00-0039355,1.0,0.0,0.0,0.0,0.0,0.0,0.0,0.0
2025,3,2025_03_NYJ_TB,00-0028118,0.0,0.0,0.0,0.0,1.0,0.0,0.0,0.0
2025,4,2025_04_BAL_KC,00-0034975,0.0,0.0,1.0,1.0,0.0,0.0,0.0,0.0
2025,4,2025_04_CHI_LV,00-0040122,0.0,0.0,1.0,1.0,0.0,0.0,0.0,0.0
2025,4,2025_04_IND_LA,00-0036849,1.0,1.0,0.0,0.0,0.0,0.0,0.0,0.0
2025,4,2025_04_JAX_SF,00-0036973,0.0,0.0,1.0,0.0,0.0,0.0,0.0,0.0
2025,4,2025_04_LAC_NYG,00-0040666,0.0,0.0,1.0,1.0,0.0,0.0,0.0,0.0
2025,4,2025_04_MIN_PIT,00-0035640,1.0,1.0,0.0,0.0,0.0,0.0,0.0,0.0
2025,4,2025_04_NO_BUF,00-0037261,1.0,0.0,0.0,0.0,0.0,0.0,0.0,0.0
2025,4,2025_04_NYJ_MIA,00-0036945,0.0,0.0,1.0,0.0,0.0,0.0,0.0,0.0
2025,4,2025_04_NYJ_MIA,00-0040182,0.0,0.0,0.0,0.0,0.0,0.0,1.0,1.0
2025,4,2025_04_PHI_TB,00-0039361,1.0,1.0,0.0,0.0,0.0,0.0,0.0,0.0
2025,4,2025_04_PHI_TB,00-0040129,1.0,1.0,0.0,0.0,0.0,0.0,0.0,0.0
2025,4,2025_04_WAS_ATL,00-0028292,0.0,0.0,0.0,0.0,0.0,0.0,1.0,0.0
2025,5,2025_05_DAL_NYJ,00-0037247,1.0,0.0,0.0,0.0,0.0,0.0,0.0,0.0
2025,5,2025_05_DEN_PHI,00-0034844,1.0,0.0,0.0,0.0,0.0,0.0,0.0,0.0
2025,5,2025_05_DET_CIN,00-0036900,1.0,1.0,0.0,0.0,0.0,0.0,0.0,0.0
2025,5,2025_05_KC_JAX,00-0033873,0.0,0.0,0.0,0.0,1.0,0.0,0.0,0.0
2025,5,2025_05_MIA_CAR,00-0036613,1.0,0.0,0.0,0.0,0.0,0.0,0.0,0.0
2025,5,2025_05_NE_BUF,00-0035357,0.0,0.0,0.0,0.0,0.0,0.0,1.0,0.0
2025,5,2025_05_NYG_NO,00-0037545,1.0,1.0,0.0,0.0,0.0,0.0,0.0,0.0
2025,5,2025_05_TEN_ARI,00-0040676,0.0,0.0,0.0,0.0,1.0,0.0,0.0,0.0
2025,6,2025_06_BUF_ATL,00-0038542,0.0,0.0,1.0,1.0,0.0,0.0,0.0,0.0
2025,6,2025_06_CHI_WAS,00-0036275,1.0,1.0,0.0,0.0,0.0,0.0,0.0,0.0
2025,6,2025_06_LAC_MIA,00-0039040,0.0,0.0,1.0,0.0,0.0,0.0,0.0,0.0
2025,6,2025_06_NE_NO,00-0038621,1.0,1.0,0.0,0.0,0.0,0.0,0.0,0.0
2025,6,2025_06_SEA_JAX,00-0038543,1.0,1.0,0.0,0.0,0.0,0.0,0.0,0.0
2025,6,2025_06_SF_TB,00-0040237,1.0,0.0,0.0,0.0,0.0,0.0,0.0,0.0
2025,7,2025_07_MIA_CLE,00-0033941,0.0,0.0,0.0,0.0,0.0,0.0,0.0,1.0
2025,7,2025_07_MIA_CLE,00-0036212,0.0,0.0,0.0,0.0,1.0,0.0,0.0,0.0
2025,7,2025_07_MIA_CLE,00-0036282,0.0,0.0,0.0,0.0,0.0,0.0,1.0,0.0
2025,7,2025_07_MIA_CLE,00-0040784,0.0,0.0,1.0,0.0,0.0,0.0,0.0,0.0
2025,7,2025_07_NYG_DEN,00-0038115,1.0,0.0,0.0,0.0,0.0,0.0,0.0,0.0
2025,7,2025_07_NYG_DEN,00-0039847,1.0,0.0,0.0,0.0,0.0,0.0,0.0,0.0
2025,7,2025_07_PHI_MIN,00-0032950,0.0,0.0,0.0,0.0,1.0,0.0,0.0,0.0
2025,7,2025_07_PHI_MIN,00-0036912,1.0,1.0,0.0,0.0,0.0,0.0,0.0,0.0
2025,7,2025_07_PIT_CIN,00-0036894,1.0,1.0,0.0,0.0,0.0,0.0,0.0,0.0
2025,7,2025_07_TB_DET,00-0039139,0.0,0.0,1.0,1.0,0.0,0.0,0.0,0.0
2025,7,2025_07_WAS_DAL,00-0032268,0.0,0.0,0.0,0.0,1.0,0.0,0.0,0.0
2025,7,2025_07_WAS_DAL,00-0036358,1.0,1.0,0.0,0.0,0.0,0.0,0.0,0.0
2025,8,2025_08_BUF_CAR,00-0037248,0.0,0.0,1.0,1.0,0.0,0.0,0.0,0.0
2025,8,2025_08_BUF_CAR,00-0037261,1.0,1.0,0.0,0.0,0.0,0.0,0.0,0.0
2025,8,2025_08_CHI_BAL,00-0040100,0.0,0.0,0.0,0.0,0.0,0.0,1.0,0.0
2025,8,2025_08_DAL_DEN,00-0040730,0.0,0.0,1.0,0.0,0.0,0.0,0.0,0.0
2025,8,2025_08_MIA_ATL,00-0036613,1.0,0.0,0.0,0.0,0.0,0.0,0.0,0.0
2025,8,2025_08_NYG_PHI,00-0034844,0.0,0.0,1.0,1.0,0.0,0.0,0.0,0.0
2025,8,2025_08_NYG_PHI,00-0037741,1.0,0.0,0.0,0.0,0.0,0.0,0.0,0.0
2025,8,2025_08_NYJ_CIN,00-0036410,1.0,0.0,0.0,0.0,0.0,0.0,0.0,0.0
2025,8,2025_08_TB_NO,00-0039376,0.0,0.0,0.0,0.0,1.0,0.0,0.0,0.0
2025,8,2025_08_TEN_IND,00-0036223,0.0,0.0,1.0,1.0,0.0,0.0,0.0,0.0
2025,9,2025_09_CHI_CIN,00-0036410,1.0,0.0,0.0,0.0,0.0,0.0,0.0,0.0
2025,9,2025_09_CHI_CIN,00-0040126,1.0,1.0,0.0,0.0,0.0,0.0,0.0,0.0
2025,9,2025_09_DEN_HOU,00-0040149,0.0,0.0,0.0,0.0,0.0,0.0,0.0,1.0
2025,9,2025_09_IND_PIT,00-0036504,0.0,0.0,0.0,0.0,0.0,0.0,0.0,1.0
2025,9,2025_09_LAC_TEN,00-0036355,0.0,0.0,0.0,0.0,1.0,0.0,0.0,0.0
2025,9,2025_09_MIN_DET,00-0039065,1.0,0.0,0.0,0.0,0.0,0.0,0.0,0.0
2025,9,2025_09_SEA_WAS,00-0035891,1.0,1.0,0.0,0.0,0.0,0.0,0.0,0.0
2025,9,2025_09_SEA_WAS,00-0038694,0.0,0.0,0.0,0.0,0.0,0.0,1.0,0.0
2025,9,2025_09_SEA_WAS,00-0040061,0.0,0.0,0.0,0.0,0.0,0.0,0.0,1.0
2025,10,2025_10_ARI_SEA,00-0038543,1.0,0.0,0.0,0.0,0.0,0.0,0.0,0.0
2025,10,2025_10_ARI_SEA,00-0038984,0.0,0.0,0.0,0.0,0.0,0.0,1.0,0.0
2025,10,2025_10_ATL_IND,00-0036223,0.0,0.0,1.0,1.0,0.0,0.0,0.0,0.0
2025,10,2025_10_BAL_MIN,00-0033336,0.0,0.0,0.0,0.0,0.0,0.0,1.0,0.0
2025,10,2025_10_BAL_MIN,00-0040069,0.0,0.0,0.0,0.0,0.0,0.0,1.0,0.0
2025,10,2025_10_BAL_MIN,00-0040104,0.0,0.0,0.0,0.0,0.0,0.0,1.0,1.0
2025,10,2025_10_BUF_MIA,00-0039040,0.0,0.0,1.0,1.0,0.0,0.0,0.0,0.0
2025,10,2025_10_CLE_NYJ,00-0038120,1.0,0.0,0.0,0.0,0.0,0.0,0.0,0.0
2025,10,2025_10_DET_WAS,00-0039139,0.0,0.0,1.0,0.0,0.0,0.0,0.0,0.0
2025,10,2025_10_JAX_HOU,00-0038570,0.0,0.0,0.0,0.0,0.0,0.0,1.0,0.0
2025,10,2025_10_JAX_HOU,00-0040342,0.0,0.0,0.0,0.0,0.0,0.0,0.0,1.0
2025,10,2025_10_NE_TB,00-0040131,1.0,1.0,0.0,0.0,0.0,0.0,0.0,0.0
2025,10,2025_10_NE_TB,00-0040734,0.0,0.0,2.0,2.0,0.0,0.0,0.0,0.0
2025,10,2025_10_NO_CAR,00-0037239,1.0,1.0,0.0,0.0,0.0,0.0,0.0,0.0
2025,10,2025_10_PIT_LAC,00-0035202,0.0,0.0,0.0,0.0,0.0,0.0,0.0,1.0
2025,11,2025_11_BAL_CLE,00-0034796,0.0,0.0,0.0,0.0,1.0,0.0,0.0,0.0
2025,11,2025_11_BAL_CLE,00-0036282,0.0,0.0,0.0,0.0,0.0,0.0,0.0,1.0
2025,11,2025_11_CAR_ATL,00-0040136,0.0,0.0,0.0,0.0,0.0,0.0,0.0,1.0
2025,11,2025_11_CAR_ATL,00-0040289,0.0,0.0,0.0,0.0,0.0,0.0,1.0,0.0
2025,11,2025_11_CIN_PIT,00-0026158,0.0,0.0,0.0,0.0,1.0,0.0,0.0,0.0
2025,11,2025_11_DET_PHI,00-0037240,1.0,0.0,0.0,0.0,0.0,0.0,0.0,0.0
2025,11,2025_11_TB_BUF,00-0035537,1.0,1.0,0.0,0.0,0.0,0.0,0.0,0.0
2025,11,2025_11_TB_BUF,00-0038679,1.0,0.0,0.0,0.0,0.0,0.0,0.0,0.0
2025,11,2025_11_TB_BUF,00-0038824,0.0,0.0,0.0,0.0,0.0,0.0,0.0,1.0
2025,11,2025_11_TB_BUF,00-0038951,0.0,0.0,1.0,0.0,0.0,0.0,0.0,0.0
2025,11,2025_11_TB_BUF,00-0039051,0.0,0.0,0.0,0.0,0.0,0.0,1.0,0.0
2025,11,2025_11_WAS_MIA,00-0038684,0.0,0.0,0.0,0.0,0.0,0.0,0.0,1.0
2025,12,2025_12_ATL_NO,00-0029604,0.0,0.0,0.0,0.0,1.0,0.0,0.0,0.0
2025,12,2025_12_ATL_NO,00-0036309,1.0,0.0,0.0,0.0,0.0,0.0,0.0,0.0
2025,12,2025_12_BUF_HOU,00-0037248,0.0,0.0,1.0,0.0,0.0,0.0,0.0,0.0
2025,12,2025_12_CAR_SF,00-0040135,0.0,0.0,0.0,0.0,0.0,0.0,1.0,0.0
2025,12,2025_12_CLE_LV,00-0040162,1.0,1.0,0.0,0.0,0.0,0.0,0.0,0.0
2025,12,2025_12_JAX_ARI,00-0040326,0.0,0.0,0.0,0.0,0.0,0.0,1.0,0.0
2025,12,2025_12_MIN_GB,00-0036677,0.0,0.0,0.0,0.0,0.0,0.0,0.0,1.0
2025,12,2025_12_NE_CIN,00-0026158,0.0,0.0,0.0,0.0,1.0,0.0,0.0,0.0
2025,12,2025_12_NE_CIN,00-0039851,0.0,0.0,0.0,0.0,1.0,0.0,0.0,0.0
2025,12,2025_12_NYG_DET,00-0039139,0.0,0.0,2.0,1.0,0.0,0.0,0.0,0.0
2025,12,2025_12_PHI_DAL,00-0034198,0.0,0.0,0.0,0.0,0.0,0.0,0.0,1.0
2025,12,2025_12_PHI_DAL,00-0040045,0.0,0.0,0.0,0.0,0.0,0.0,1.0,0.0
2025,12,2025_12_PIT_CHI,00-0037031,0.0,0.0,0.0,0.0,0.0,0.0,1.0,0.0
2025,12,2025_12_SEA_TEN,00-0038543,1.0,1.0,0.0,0.0,0.0,0.0,0.0,0.0
2025,12,2025_12_TB_LA,00-0034855,0.0,0.0,0.0,0.0,1.0,0.0,0.0,0.0
2025,13,2025_13_ATL_NYJ,00-0039789,0.0,0.0,0.0,0.0,0.0,0.0,0.0,1.0
2025,13,2025_13_ATL_NYJ,00-0039890,1.0,1.0,0.0,0.0,0.0,0.0,0.0,0.0
2025,13,2025_13_DEN_WAS,00-0036683,0.0,0.0,0.0,0.0,0.0,0.0,1.0,0.0
2025,13,2025_13_GB_DET,00-0038124,1.0,1.0,0.0,0.0,0.0,0.0,0.0,0.0
2025,13,2025_13_JAX_TEN,00-0040238,0.0,0.0,0.0,0.0,0.0,0.0,1.0,1.0
2025,13,2025_13_KC_DAL,00-0037563,0.0,0.0,1.0,0.0,0.0,0.0,0.0,0.0
2025,13,2025_13_LA_CAR,00-0026498,0.0,0.0,0.0,0.0,1.0,0.0,0.0,0.0
2025,13,2025_13_LA_CAR,00-0040124,1.0,0.0,0.0,0.0,0.0,0.0,0.0,0.0
2025,13,2025_13_LV_LAC,00-0039391,0.0,0.0,1.0,1.0,0.0,0.0,0.0,0.0
2025,13,2025_13_MIN_SEA,00-0040494,0.0,0.0,0.0,0.0,1.0,0.0,0.0,0.0
2025,13,2025_13_NYG_NE,00-0039054,0.0,0.0,0.0,0.0,0.0,0.0,1.0,0.0
2025,13,2025_13_NYG_NE,00-0040574,0.0,0.0,0.0,0.0,0.0,0.0,0.0,1.0
2025,13,2025_13_SF_CLE,00-0038594,0.0,0.0,0.0,0.0,0.0,0.0,0.0,1.0
2025,13,2025_13_SF_CLE,00-0039363,0.0,0.0,0.0,0.0,0.0,0.0,1.0,0.0
2025,14,2025_14_CHI_GB,00-0037091,1.0,0.0,0.0,0.0,0.0,0.0,0.0,0.0
2025,14,2025_14_CHI_GB,00-0038124,1.0,0.0,0.0,0.0,0.0,0.0,0.0,0.0
2025,14,2025_14_CHI_GB,00-0039812,0.0,0.0,0.0,0.0,0.0,0.0,1.0,0.0
2025,14,2025_14_CIN_BUF,00-0034857,0.0,0.0,1.0,0.0,0.0,0.0,0.0,0.0
2025,14,2025_14_CIN_BUF,00-0036442,0.0,0.0,0.0,0.0,1.0,0.0,0.0,0.0
2025,14,2025_14_DAL_DET,00-0039410,1.0,0.0,0.0,0.0,0.0,0.0,0.0,0.0
2025,14,2025_14_IND_JAX,00-0037527,0.0,0.0,0.0,0.0,0.0,0.0,1.0,0.0
2025,14,2025_14_LA_ARI,00-0039738,0.0,0.0,1.0,0.0,0.0,0.0,0.0,0.0
2025,14,2025_14_PHI_LAC,00-0034844,0.0,0.0,1.0,1.0,0.0,0.0,0.0,0.0
2025,14,2025_14_PHI_LAC,00-0036338,0.0,0.0,0.0,0.0,0.0,0.0,1.0,0.0
2025,14,2025_14_TEN_CLE,00-0035261,0.0,0.0,1.0,1.0,0.0,0.0,0.0,0.0
2025,14,2025_14_TEN_CLE,00-0036407,1.0,1.0,0.0,0.0,0.0,0.0,0.0,0.0
2025,15,2025_15_ARI_HOU,00-0033854,0.0,0.0,0.0,0.0,0.0,0.0,0.0,1.0
2025,15,2025_15_ARI_HOU,00-0036554,1.0,1.0,0.0,0.0,0.0,0.0,0.0,0.0
2025,15,2025_15_ARI_HOU,00-0039395,0.0,0.0,0.0,0.0,0.0,0.0,1.0,0.0
2025,15,2025_15_ARI_HOU,00-0040583,0.0,0.0,0.0,0.0,0.0,1.0,0.0,0.0
2025,15,2025_15_BAL_CIN,00-0036442,0.0,0.0,0.0,0.0,1.0,0.0,0.0,0.0
2025,15,2025_15_BUF_NE,00-0040734,0.0,0.0,2.0,2.0,0.0,0.0,0.0,0.0
2025,15,2025_15_GB_DEN,00-0035700,0.0,0.0,1.0,0.0,0.0,0.0,0.0,0.0
2025,15,2025_15_NYJ_JAX,00-0036973,1.0,0.0,0.0,0.0,0.0,0.0,0.0,0.0
2025,15,2025_15_WAS_NYG,00-0035659,1.0,1.0,0.0,0.0,0.0,0.0,0.0,0.0
2025,16,2025_16_BUF_CLE,00-0037248,0.0,0.0,1.0,0.0,0.0,0.0,0.0,0.0
2025,16,2025_16_CIN_MIA,00-0039040,0.0,0.0,1.0,0.0,0.0,0.0,0.0,0.0
2025,16,2025_16_GB_CHI,00-0034827,1.0,0.0,0.0,0.0,0.0,0.0,0.0,0.0
2025,16,2025_16_LA_SEA,00-0038134,0.0,0.0,1.0,1.0,0.0,0.0,0.0,0.0
2025,16,2025_16_LA_SEA,00-0039075,1.0,0.0,0.0,0.0,0.0,0.0,0.0,0.0
2025,16,2025_16_LV_HOU,00-0030565,0.0,0.0,0.0,0.0,1.0,0.0,0.0,0.0
2025,16,2025_16_LV_HOU,00-0040122,1.0,1.0,1.0,1.0,0.0,0.0,0.0,0.0
2025,16,2025_16_PHI_WAS,00-0039898,0.0,0.0,0.0,0.0,0.0,0.0,1.0,0.0
2025,16,2025_16_PHI_WAS,00-0040216,0.0,0.0,0.0,0.0,0.0,0.0,0.0,1.0
2025,16,2025_16_PIT_DET,00-0036919,1.0,0.0,0.0,0.0,0.0,0.0,0.0,0.0
2025,16,2025_16_PIT_DET,00-0037228,0.0,0.0,2.0,0.0,0.0,0.0,0.0,0.0
2025,16,2025_16_SF_IND,00-0022942,0.0,0.0,0.0,0.0,1.0,0.0,0.0,0.0
2025,16,2025_16_SF_IND,00-0037112,0.0,0.0,0.0,0.0,0.0,0.0,0.0,1.0
2025,16,2025_16_SF_IND,00-0038554,0.0,0.0,0.0,0.0,0.0,0.0,1.0,0.0
2025,17,2025_17_CHI_SF,00-0037834,0.0,0.0,0.0,0.0,1.0,0.0,0.0,0.0
2025,17,2025_17_DAL_WAS,00-0037801,1.0,1.0,0.0,0.0,0.0,0.0,0.0,0.0
2025,17,2025_17_DAL_WAS,00-0040242,0.0,0.0,1.0,1.0,0.0,0.0,0.0,0.0
2025,17,2025_17_DET_MIN,00-0038994,0.0,0.0,1.0,1.0,0.0,0.0,0.0,0.0
2025,17,2025_17_HOU_LAC,00-0040130,1.0,1.0,0.0,0.0,0.0,0.0,0.0,0.0
2025,17,2025_17_HOU_LAC,00-0040138,1.0,0.0,0.0,0.0,0.0,0.0,0.0,0.0
2025,17,2025_17_LA_ATL,00-0026498,0.0,0.0,0.0,0.0,1.0,0.0,0.0,0.0
2025,17,2025_17_LA_ATL,00-0038542,0.0,0.0,1.0,1.0,0.0,0.0,0.0,0.0
2025,17,2025_17_NE_NYJ,00-0038120,0.0,0.0,1.0,1.0,0.0,0.0,0.0,0.0
2025,17,2025_17_NO_TEN,00-0037809,1.0,0.0,0.0,0.0,0.0,0.0,0.0,0.0
2025,17,2025_17_TB_MIA,00-0040311,1.0,1.0,0.0,0.0,0.0,0.0,0.0,0.0
2025,18,2025_18_ARI_LA,00-0038559,1.0,0.0,0.0,0.0,0.0,0.0,0.0,0.0
2025,18,2025_18_BAL_PIT,00-0039064,2.0,2.0,0.0,0.0,0.0,0.0,0.0,0.0
2025,18,2025_18_CAR_TB,00-0039637,0.0,0.0,0.0,0.0,0.0,0.0,1.0,0.0
2025,18,2025_18_CLE_CIN,00-0036442,0.0,0.0,0.0,0.0,1.0,0.0,0.0,0.0
2025,18,2025_18_IND_HOU,00-0037664,1.0,1.0,0.0,0.0,0.0,0.0,0.0,0.0
2025,18,2025_18_KC_LV,00-0037208,0.0,0.0,0.0,0.0,0.0,0.0,0.0,1.0
2025,18,2025_18_KC_LV,00-0040328,0.0,0.0,0.0,0.0,0.0,0.0,1.0,0.0
2025,18,2025_18_LAC_DEN,00-0037012,0.0,0.0,0.0,0.0,1.0,0.0,0.0,0.0
2025,18,2025_18_TEN_JAX,00-0032434,0.0,0.0,0.0,0.0,1.0,0.0,0.0,0.0
