"team","games","sacks","fumbleRecoveries","interceptions","defenseTouchdowns","safeties","blockedKicks","kickYards","kickTouchdowns","puntYards","puntTouchdowns","paPerGame","pa0Games","pa16Games","pa713Games","pa1420Games","pa2127Games","pa2834Games","pa3545Games","pa46plusGames","passYdsPerGame","runYdsPerGame","yaNegGames","ya099Games","ya100199Games","ya200299Games","ya300349Games","ya350399Games","ya400449Games","ya450499Games","ya500549Games","ya550plusGames","fantasyPts","fantasyPpg"
"ARZ","17","30","9","10","2","1","3","1964","0","217","0","28.7","0","0","1","3","6","1","6","0","242.8","126.9","0","0","0","3","3","7","3","0","1","0","67","3.94"
"ATL","17","57","7","16","1","0","1","1531","0","168","0","23.6","0","1","1","4","5","5","1","0","221.9","126.2","0","0","0","4","6","5","0","0","1","1","116","6.82"
"BLT","17","30","9","11","2","0","2","1911","0","198","0","23.4","1","1","1","5","3","2","4","0","259","106.6","0","0","0","2","5","6","2","1","1","0","92","5.41"
"BUF","17","36","7","13","2","0","1","1842","1","194","0","21.5","0","0","5","2","5","4","1","0","170.2","136.2","0","0","4","3","5","2","2","1","0","0","109","6.41"
"CAR","17","30","6","15","2","0","1","1304","0","176","0","22.4","1","1","1","5","6","1","2","0","215.1","123.3","0","0","0","3","8","4","2","0","0","0","102","6"
"CHI","17","35","10","23","2","0","1","1792","0","231","0","24.4","0","1","0","7","3","3","2","1","239.2","134.5","0","0","0","4","2","5","1","2","3","0","113","6.65"
"CIN","17","35","7","13","1","0","1","2058","1","220","0","28.9","0","0","0","4","5","3","3","2","245.6","147.1","0","0","0","2","2","6","4","0","2","1","69","4.06"
"CLV","17","53","7","11","4","0","2","1587","0","232","0","22.3","0","2","2","2","6","4","1","0","189.4","116.4","0","0","2","7","3","4","0","1","0","0","131","7.71"
"DAL","17","35","6","6","2","1","3","2097","0","82","0","30.1","0","0","0","1","6","6","4","0","265.9","125.5","0","0","0","1","3","6","4","1","2","0","61","3.59"
"DEN","17","68","4","10","1","0","2","1491","0","481","1","18.3","0","2","4","4","4","3","0","0","212.1","91.1","0","0","4","4","2","3","3","1","0","0","141","8.29"
"DET","17","50","6","13","0","1","0","1756","0","291","1","24.3","0","0","2","2","7","5","1","0","236.9","114.5","0","0","0","7","2","4","0","2","2","0","97","5.71"
"GB","17","36","7","7","0","0","0","1509","0","146","0","21.2","0","1","3","5","5","1","2","0","206.8","117.7","0","0","1","6","3","4","3","0","0","0","79","4.65"
"HST","17","47","10","19","4","0","3","1407","0","360","0","17.4","1","0","3","9","2","2","0","0","205.1","93.7","0","0","1","7","6","3","0","0","0","0","161","9.47"
"IND","17","39","7","14","1","0","2","1927","0","201","0","24.2","0","1","1","4","7","1","2","1","262.5","101.9","0","0","0","2","6","4","2","2","1","0","91","5.35"
"JAX","17","32","9","22","2","1","0","1591","0","364","2","19.8","0","2","3","5","2","3","2","0","231.4","85.6","0","0","1","7","2","4","1","2","0","0","140","8.24"
"KC","17","35","4","10","0","0","1","1727","0","262","0","19.3","1","0","2","8","3","3","0","0","205.1","105.7","0","0","1","6","4","3","2","1","0","0","87","5.12"
"MIA","17","41","11","9","0","0","2","1716","0","279","1","24.9","0","0","4","2","2","7","2","0","230.6","132.4","0","0","0","3","1","7","5","1","0","0","92","5.41"
"MIN","17","49","13","8","2","0","2","1732","0","300","0","19.6","1","1","3","2","8","1","1","0","177.7","124.1","0","0","3","4","6","2","2","0","0","0","131","7.71"
"NE","17","35","9","10","2","1","0","1451","1","363","2","18.8","0","0","5","6","5","0","1","0","206.6","101.7","0","0","0","7","5","4","1","0","0","0","127","7.47"
"NO","17","45","10","10","3","0","2","1665","0","219","0","22.5","0","1","1","5","7","2","1","0","196.2","120.6","0","0","1","4","7","4","0","1","0","0","115","6.76"
"NYG","17","40","6","9","1","0","0","1942","1","223","0","25.8","0","0","1","4","5","5","2","0","229.9","145.3","0","0","0","3","3","5","2","3","1","0","77","4.53"
"NYJ","17","26","4","0","1","1","1","2210","1","456","2","29.6","0","0","2","1","4","5","4","1","226.4","139.5","0","0","0","3","4","2","7","1","0","0","51","3"
"LV","17","37","8","8","0","1","0","1845","0","173","0","25.4","0","0","4","1","4","6","2","0","214.4","116.8","0","0","0","6","3","6","2","0","0","0","74","4.35"
"PHI","17","42","9","12","3","0","4","1416","0","239","0","19.1","1","0","3","4","8","1","0","0","204.5","124.4","0","0","1","4","4","5","2","1","0","0","143","8.41"
"PIT","17","48","12","15","3","1","0","1525","0","247","0","22.8","0","0","3","3","6","4","1","0","261","113.1","0","0","0","2","4","5","4","2","0","0","129","7.59"
"LA","17","47","8","16","2","0","2","1479","0","259","0","20.4","0","1","4","5","3","3","1","0","234.6","110.8","0","0","0","3","6","4","4","0","0","0","136","8"
"LAC","17","45","4","19","0","1","0","1633","0","136","0","20","0","0","4","7","4","0","2","0","194.9","105.4","0","0","2","7","2","5","1","0","0","0","108","6.35"
"SF","17","20","11","6","1","0","1","1386","0","291","0","21.8","0","0","5","1","8","1","2","0","241.8","107.8","0","0","0","4","6","2","2","3","0","0","73","4.29"
"SEA","17","47","7","18","3","0","3","1287","1","448","2","17.2","1","1","4","6","3","0","2","0","212.9","91.9","0","0","3","7","3","2","1","0","0","1","167","9.82"
"TB","17","37","10","13","2","1","0","1484","0","290","0","24.2","0","1","0","6","4","4","2","0","254.8","99.1","0","0","0","6","3","2","4","2","0","0","98","5.76"
"TEN","17","42","7","6","1","1","2","1669","0","412","2","28.1","0","0","1","3","4","5","4","0","248.3","114.6","0","0","1","2","3","5","6","0","0","0","76","4.47"
"WAS","17","42","2","8","0","1","2","1918","0","315","2","26.5","0","1","1","2","5","5","3","0","257.1","141.8","0","0","0","1","3","4","7","0","2","0","74","4.35"