"player_gsis_id","season","season_type","week","player_display_name","player_position","team_abbr","avg_cushion","avg_separation","avg_intended_air_yards","percent_share_of_intended_air_yards","receptions","targets","catch_percentage","yards","rec_touchdowns","avg_yac","avg_expected_yac","avg_yac_above_expectation","player_first_name","player_last_name","player_jersey_number","player_short_name"
"00-0029293",2023,"REG","1","Marvin Jones","WR","DET",3.7116666666666664,1.9399139649822732,7.438333333333333,21.7442143727162,2,6,33.33333333333333,8.0,0,0.7699999999999996,3.473938433903527,-2.7039384339035273,"Marvin","Jones",0,"M.Jones"
"00-0030035",2023,"REG","0, 2, 3, 4, 5, 6, 8, 9, 10, 11, 13, 14, 15, 16, 17","Adam Thielen","WR","CAR",6.301934185056137,3.015319018732098,7.7106389391765315,28.742955864689105,201,266,75.37478431274052,2002.0,8,3.414780634360246,4.360146096241853,-0.9453654618816081,"Adam","Thielen",19,"A.Thielen"
"00-0030061",2023,"REG","1, 2, 4, 6","Zach Ertz","TE","ARI",6.674854166666667,2.834783625077195,7.631937499999999,24.700150431800303,20,33,58.75,152.0,0,2.0933333333333337,2.1896011432837845,-0.09626780995045094,"Zachary","Ertz",86,"Z.Ertz"
"00-0030279",2023,"REG","0, 1, 2, 3, 4, 6, 7, 8, 9, 10, 11, 12, 13, 14","Keenan Allen","WR","LAC",6.667175446351199,2.9927404079887028,9.962306403318903,38.667145806242885,216,300,69.98309626881056,2486.0,14,3.855681388717103,3.97840072319842,-0.12271933448131696,"Keenan","Allen",13,"K.Allen"
"00-0030431",2023,"REG","0, 1, 2, 3, 4, 5, 11, 15, 16","Robert Woods","WR","HOU",6.901936868686868,2.51931170532073,10.06987962962963,23.27915566212063,71,134,52.129629629629626,735.0,1,3.265083333333333,3.229755782117872,0.035327551215460794,"Robert","Woods",2,"R.Woods"
"00-0030506",2023,"REG","0, 2, 3, 4, 5, 6, 7, 8, 11, 12, 13, 14, 15, 16, 19, 20, 21, 23","Travis Kelce","TE","KC",6.490753640776699,3.769696228280126,7.004407200403413,26.686636422186268,212,271,78.61314471162956,2293.0,13,5.476561560303495,5.197959675378388,0.27860188492510796,"Travis","Kelce",87,"T.Kelce"
"00-0030564",2023,"REG","0, 1, 2, 3, 4, 5, 6, 8, 9, 10, 11, 12, 13, 14, 15, 17, 18","DeAndre Hopkins","WR","TEN",5.731997979344409,2.284796855543889,14.258992090515276,43.12628677282212,148,270,56.43691883709058,2094.0,14,3.568876050420168,3.5636854794919435,0.005190570928224329,"DeAndre","Hopkins",10,"D.Hopkins"
"00-0031235",2023,"REG","0, 7, 9, 11, 12, 14, 21","Odell Beckham","WR","BAL",5.412522959183674,2.7230278586468555,15.143865221088435,33.535266213165336,59,106,57.8125,939.0,5,4.192738095238096,4.050941932391494,0.14179616284660215,"Odell","Beckham",3,"O.Beckham"
"00-0031236",2023,"REG","0, 3, 10, 12, 14, 15, 17, 18, 19","Brandin Cooks","WR","DAL",6.020634359467692,2.6774354080831975,13.821449074074074,29.14430308138988,90,138,61.23015873015873,1112.0,12,2.619318930041153,2.6213552968450213,-0.0020363668038685637,"Brandin","Cooks",3,"B.Cooks"
"00-0031260",2023,"REG","0, 1, 5, 7, 8, 9, 10, 11, 16","Logan Thomas","TE","WAS",6.334000896057347,3.580649917229739,6.116212962962963,15.578577548961448,97,135,74.42566692566692,876.0,7,4.901696408529742,4.64081298777754,0.2608834207522011,"Logan","Thomas",82,"L.Thomas"
"00-0031381",2023,"REG","0, 1, 2, 3, 4, 6, 7, 8, 9, 10, 11, 12, 14, 15, 16, 17, 18","Davante Adams","WR","LV",5.216489578017441,2.4726740128662104,10.621177156503627,46.43406067847678,202,346,55.646520146520146,2243.0,16,3.2496502940235095,3.0560528289461746,0.1935974650773349,"Davante","Adams",17,"D.Adams"
"00-0031408",2023,"REG","0, 1, 2, 3, 6, 7, 8, 9, 10, 11, 12, 13, 14, 15, 16, 18, 19, 20","Mike Evans","WR","TB",6.2565852594449085,2.4294500457391432,14.419243827160493,43.90571558242935,163,284,56.82721236642805,2595.0,27,3.9926414841604716,3.562985531089422,0.4296559530710495,"Mike","Evans",13,"M.Evans"
"00-0031428",2023,"REG","0, 1, 5","Allen Robinson","WR","PIT",6.65084219858156,2.5710044024686054,7.34263888888889,16.362285682768626,43,65,62.26851851851851,366.0,0,2.5453333333333332,2.29150631276877,0.2538270205645632,"Allen","Robinson",11,"A.Robinson"
"00-0031544",2023,"REG","0, 1, 2, 3, 4, 6, 7, 8, 9, 10, 11, 12, 13, 14, 15, 16, 19","Amari Cooper","WR","CLE",5.614385358040653,2.2244300045595304,13.945662927860539,38.83443357068284,148,261,56.83250572956455,2559.0,10,3.6640443086325445,2.4229180651739854,1.241126243458559,"Amari","Cooper",2,"A.Cooper"
"00-0031547",2023,"REG","0, 2, 12, 13, 15, 16","DeVante Parker","WR","NE",6.361036195286196,2.3984184602773886,9.157505050505051,24.792368400228074,55,87,69.9074074074074,666.0,0,5.6881666666666675,5.100075442089068,0.5880912245775999,"DeVante","Parker",1,"D.Parker"
"00-0031549",2023,"REG","0, 2, 5, 14, 18","Nelson Agholor","WR","BAL",6.474603100775194,3.3546116764765292,9.963666666666667,16.670480725626206,54,66,88.22222222222223,579.0,5,2.7932999999999995,3.6458168967186824,-0.8525168967186826,"Nelson","Agholor",15,"N.Agholor"
"00-0031588",2023,"REG","0, 1, 2, 3, 4, 5, 6, 7, 8, 9, 10, 11, 12, 14, 15, 16, 17, 18, 19, 20","Stefon Diggs","WR","BUF",5.915013512876013,2.936511371580388,9.61047535624098,33.3891251098332,224,337,67.27251567876569,2439.0,16,4.509935480640854,3.7442581184116492,0.7656773622292048,"Stefon","Diggs",14,"S.Diggs"
"00-0031610",2023,"REG","0, 1, 2, 3, 5, 6, 7, 15, 16, 17, 18","Darren Waller","TE","NYG",5.979615702479339,2.999183934323988,7.698359655700566,22.651576924682836,100,143,68.46514460150824,1079.0,2,4.350035464535464,4.317327499232683,0.0327079653027806,"Darren","Waller",12,"D.Waller"
"00-0031941",2023,"REG","8, 9","Jamison Crowder","WR","WAS",7.345238095238096,3.8251822229364327,7.7402380952380945,12.43987336100063,11,13,83.33333333333333,118.0,1,4.278035714285714,4.069366051440239,0.20866966284547495,"Jamison","Crowder",83,"J.Crowder"
"00-0032128",2023,"REG","18","Chris Conley","WR","SF",6.641666666666667,3.032889685640644,12.983333333333334,30.921287659270437,3,6,50.0,69.0,0,9.433333333333332,7.172738699963172,2.26059463337016,"Christian","Conley",84,"C.Conley"
"00-0032134",2023,"REG","9","C.J. Uzomah","TE","NYJ",3.91,3.689471752495597,5.344000000000002,7.587460245343027,2,5,40.0,11.0,0,0.7449999999999974,5.216355207743618,-4.4713552077436205,"Christopher","Uzomah",87,"C.Uzomah"
"00-0032211",2023,"REG","0, 2, 3, 4, 6, 7, 8, 9, 10, 11, 12, 13, 14, 15, 16, 17","Tyler Lockett","WR","SEA",6.751360889563335,2.7120749352626423,11.240613548763395,32.652258176743395,154,236,64.72849839140822,1707.0,9,2.422239583333333,2.9054193537890054,-0.48317977045567234,"Tyler","Lockett",16,"T.Lockett"
"00-0032385",2023,"REG","18","Sterling Shepard","WR","NYG",7.108,4.42652626732142,2.8280000000000003,4.959489319911614,3,5,60.0,18.0,0,6.673333333333335,6.472514268751941,0.2008190645813936,"Sterling","Shepard",3,"S.Shepard"
"00-0032392",2023,"REG","18","Austin Hooper","TE","LV",6.44,3.8950025551777863,3.848,8.807910639077093,4,5,80.0,39.0,0,6.35,3.966735638844966,2.3832643611550335,"Austin","Hooper",81,"A.Hooper"
"00-0032464",2023,"REG","3, 12","Kalif Raymond","WR","DET",4.0025,3.4372084628704056,12.529333333333334,24.163417612025892,9,11,83.33333333333333,145.0,0,5.1702499999999985,5.454300846162907,-0.28405084616290827,"Kalif","Raymond",11,"K.Raymond"
"00-0032543",2023,"REG","14, 17, 18","Alex Erickson","WR","LAC",6.632023809523809,2.5492136637833016,9.590071428571427,21.235919733951032,10,20,47.26190476190476,136.0,0,5.39047619047619,4.530396264422879,0.8600799260533117,"Alex","Erickson",82,"A.Erickson"
"00-0032765",2023,"REG","0, 1, 2, 3, 4, 5, 6, 7, 8","Michael Thomas","WR","NO",5.168615079365079,2.039420653374073,10.526772486772488,23.51267821091022,77,125,61.57682980599647,887.0,2,3.1552222222222217,2.5310771983289193,0.6241450238933024,"Michael","Thomas",13,"M.Thomas"
"00-0032775",2023,"REG","13, 14, 16, 17, 19","Demarcus Robinson","WR","LAR",4.499366666666667,2.5563921564271976,14.360266666666666,38.2444198907251,22,37,64.0,319.0,3,2.9228333333333345,2.928891682746632,-0.006058349413297082,"Demarcus","Robinson",15,"D.Robinson"
"00-0033009",2023,"REG","0, 2, 3, 4, 5, 6, 9, 10, 11, 12, 13, 15, 16","Tyler Boyd","WR","CIN",6.061914224664225,3.1734428978235516,6.32085557299843,20.6428256064168,124,183,66.2541426827141,1228.0,3,5.243768902739053,3.6928319772262728,1.5509369255127798,"Tyler","Boyd",83,"T.Boyd"
"00-0033040",2023,"REG","0, 1, 2, 3, 4, 5, 6, 7, 8, 9, 11, 12, 13, 14, 16, 17, 18, 19","Tyreek Hill","WR","MIA",5.7136431993932,3.2470558920818595,11.082466005729165,43.38116124665304,243,350,69.5571071228966,3660.0,27,5.809445800205604,4.951380325538433,0.8580654746671709,"Tyreek","Hill",10,"T.Hill"
"00-0033090",2023,"REG","0, 1, 2, 3, 4, 9, 10, 15","Hunter Henry","TE","NE",6.011772435897436,2.1818600138484507,8.353444542024459,21.029444006148793,73,104,70.29306531355712,721.0,10,1.9144166666666673,2.019892824563816,-0.10547615789714868,"Hunter","Henry",85,"H.Henry"
"00-0033110",2023,"REG","0, 2, 3, 4, 8, 12, 15, 17","Tyler Higbee","TE","LAR",6.899504896313364,3.832155568983693,5.727659090909091,14.769667744057264,80,117,74.07467532467533,814.0,4,4.539543882978723,4.615491752965228,-0.07594786998650488,"Tyler","Higbee",89,"T.Higbee"
"00-0033246",2023,"REG","17, 18","Johnny Mundt","TE","MIN",6.1732499999999995,5.095358674330122,4.848214285714285,9.358824982117113,9,13,70.23809523809524,97.0,1,4.578750000000003,3.971046489104805,0.6077035108951978,"Johnny","Mundt",86,"J.Mundt"
"00-0033282",2023,"REG","0, 1, 4, 5, 7, 10, 12, 13, 15, 16","Curtis Samuel","WR","WAS",6.910398359073359,3.142648734546499,7.1312687118437115,18.776248741705487,105,157,65.19017094017093,1036.0,7,5.7081622887864825,4.339977919300619,1.368184369485864,"Curtis","Samuel",4,"C.Samuel"
"00-0033288",2023,"REG","0, 1, 3, 7, 8, 11, 12, 13, 14, 16, 20","George Kittle","TE","SF",5.356508012722801,3.4599439935384733,8.939180506362325,27.290865654362946,118,165,68.7222878131969,1815.0,9,7.759634837384837,4.972648458868819,2.7869863785160187,"George","Kittle",85,"G.Kittle"
"00-0033307",2023,"REG","0, 1, 2, 3, 5, 6, 7","Kendrick Bourne","WR","NE",6.931745207173778,2.8649772048447653,10.779351061636776,23.80083262858638,69,103,66.12657184085755,740.0,7,5.406179536679537,3.6041898035425044,1.8019897331370325,"Kendrick","Bourne",84,"K.Bourne"
"00-0033536",2023,"REG","1, 2, 3","Mike Williams","WR","LAC",6.25075,2.9438019458537936,10.819814102564104,29.32401053994836,19,26,76.34615384615385,249.0,1,6.523690476190477,5.1783586872551455,1.34533178893533,"Michael","Williams",81,"M.Williams"
"00-0033555",2023,"REG","2","Mack Hollins","WR","ATL",5.215,2.794726848834173,14.300000000000002,33.36055056572962,3,6,50.0,60.0,0,2.779999999999999,2.300634219463594,0.4793657805364049,"Mack","Hollins",18,"M.Hollins"
"00-0033572",2023,"REG","3, 7, 16","Jamal Agnew","WR","JAX",7.47911111111111,2.298645492141355,11.415333333333331,22.07048039912998,9,16,55.55555555555555,97.0,0,1.8266666666666669,3.1788655758879067,-1.35219890922124,"Jamal","Agnew",39,"J.Agnew"
"00-0033591",2023,"REG","0, 6, 8, 9, 10, 14, 15, 16","Noah Brown","WR","HOU",6.344447614885115,2.953746831558699,13.406212391774893,27.847025899541116,62,102,57.88555194805195,1106.0,4,7.208084415584414,3.9553235437518715,3.2527608718325425,"Noah","Brown",85,"N.Brown"
"00-0033857",2023,"REG","0, 1, 2, 4, 9, 14","JuJu Smith-Schuster","WR","NE",7.145322751322751,2.4164876002973705,7.047319993245526,16.19821257513683,49,78,62.42654508611955,476.0,1,3.7572940613026815,4.404274938647467,-0.6469808773447857,"John","Smith-Schuster",7,"J.Smith-Schuster"
"00-0033858",2023,"REG","0, 2, 3, 4, 5, 6, 9, 14, 16","Jonnu Smith","TE","ATL",6.738084175084175,3.824078417635574,5.467369047619048,11.968761426118734,88,121,74.82804232804233,1023.0,5,7.6708333333333325,5.696997085659213,1.9738362476741205,"Jonnu","Smith",81,"J.Smith"
"00-0033881",2023,"REG","0, 1, 2, 3, 4, 5, 6, 7, 8, 10, 11, 12, 13, 14, 15, 16, 17, 18","Evan Engram","TE","JAX",6.280603655603656,3.3576647933438135,4.686472857389524,13.719007749940378,228,286,79.96563621563621,1926.0,8,4.7712082331248995,4.340201639878184,0.43100659324671614,"Evan","Engram",17,"E.Engram"
"00-0033885",2023,"REG","0, 4, 7, 8, 9, 10, 11, 12, 13, 14, 15, 16, 17, 19","David Njoku","TE","CLE",5.459711161208669,3.316315811924673,5.797090895264241,18.719400728149946,156,242,63.48965010985916,1741.0,12,7.696523746535651,5.492807152948271,2.2037165935873797,"David","Njoku",85,"D.Njoku"
"00-0033891",2023,"REG","0, 1, 2, 5, 13, 14, 15, 18","Zay Jones","WR","JAX",6.528592993754879,2.447623491715596,13.579291666666666,29.46167361686108,63,121,51.491815476190474,612.0,4,2.0929691876750707,2.087102449652981,0.005866738022089717,"Isaiah","Jones",7,"Z.Jones"
"00-0033895",2023,"REG","0, 3, 6, 13, 14, 15, 16, 17","Gerald Everett","TE","LAC",5.856486607142857,3.7969916391323175,3.5441939484126985,9.13708317829715,85,119,71.2251984126984,654.0,4,5.428672969187676,5.014764947675662,0.4139080215120138,"Gerald","Everett",7,"G.Everett"
"00-0033908",2023,"REG","0, 5, 6, 7, 8, 9, 12, 13, 14, 15, 16, 17, 19","Cooper Kupp","WR","LAR",7.263217321438252,3.350472376781776,8.205299514812673,28.132915799958212,122,198,60.83959899749373,1490.0,10,4.957588144905942,4.012628527883588,0.9449596170223542,"Cooper","Kupp",10,"C.Kupp"
"00-0033921",2023,"REG","0, 1, 2, 3, 4, 6, 7, 8, 9, 10, 11, 12, 14, 15, 16, 17, 18, 19, 20","Chris Godwin","WR","TB",6.943133824954108,2.9243659495119396,9.447847950295317,26.81293898857385,174,270,65.40122158543211,2133.0,5,4.6831365461847385,4.0964118991359575,0.5867246470487817,"Rod","Godwin",14,"C.Godwin"
"00-0033943",2023,"REG","0, 1, 2, 4, 5, 18, 19","Josh Reynolds","WR","DET",5.27956462585034,2.6712245151372858,10.759888605442175,32.974350556024916,66,102,67.97619047619048,1023.0,8,6.34727380952381,5.014333524577004,1.3329402849468057,"Joshua Dedmon-Reynolds","Reynolds",8,"J.Reynolds"
"00-0034054",2023,"REG","1","River Cracraft","WR","MIA",6.282,2.470368431989068,10.575999999999995,10.36212572503527,3,5,60.0,40.0,1,5.223333333333336,8.523638041602831,-3.300304708269495,"Tanner","Cracraft",85,"R.Cracraft"
"00-0034270",2023,"REG","0, 2, 3, 4, 5, 9, 10, 12, 13, 14, 15, 16, 17","Tyler Conklin","TE","NYJ",6.184612318840579,3.527300414032064,6.692200328407225,17.086760182021155,114,161,73.41543513957308,1182.0,0,4.547753497868253,4.251722451167273,0.29603104670097885,"Tyler","Conklin",83,"T.Conklin"
"00-0034272",2023,"REG","7, 13, 23","Marquez Valdes-Scantling","WR","KC",6.872666666666667,3.005273458454361,18.804666666666666,35.15403343867449,8,15,53.333333333333336,129.0,2,3.581111111111111,5.028441049073238,-1.4473299379621274,"Marquez","Valdes-Scantling",11,"M.Valdes-Scantling"
"00-0034348",2023,"REG","0, 1, 2, 3, 4, 6, 7, 10, 11, 12, 13, 15","Courtland Sutton","WR","DEN",6.138656655844156,2.921794755439155,12.803761303511303,42.75631236512313,111,165,69.25084175084176,1438.0,18,2.8520493173258,2.7514605125213234,0.10058880480447636,"Courtland","Sutton",14,"C.Sutton"
"00-0034351",2023,"REG","0, 2, 3, 5, 6, 7, 8, 15, 16, 17, 19","Dallas Goedert","TE","PHI",6.479127172344563,3.1472825080247557,5.120769263199986,13.8651329263406,112,156,73.54374206783845,1096.0,7,5.250176095091349,4.3115125301835855,0.9386635649077636,"Dallas","Goedert",88,"D.Goedert"
"00-0034364",2023,"REG","18","Jordan Akins","TE","CLE",5.49,3.8273712764402767,4.293333333333336,10.428305400372444,3,6,50.0,24.0,0,3.313333333333333,3.6975968633609377,-0.3842635300276051,"Jordan","Akins",84,"J.Akins"
"00-0034383",2023,"REG","0, 2, 5, 6, 8, 9, 10, 15, 16, 18, 20","Dalton Schultz","TE","HOU",5.948393196672608,3.229633125164192,8.35370179063361,20.083182813927696,112,164,67.681031090122,1205.0,8,3.9325980629539954,3.6461713378623766,0.28642672509161876,"Dalton","Schultz",86,"D.Schultz"
"00-0034386",2023,"REG","0, 2, 9, 11, 16, 23","Justin Watson","WR","KC",5.753900982615268,2.5519803986835705,15.53471794871795,36.16723999254757,42,83,52.57575757575757,660.0,5,2.7431367521367522,3.7721462908970302,-1.0290095387602782,"Justin","Watson",84,"J.Watson"
"00-0034418",2023,"REG","9, 16, 19","Cedrick Wilson","WR","MIA",5.403333333333333,2.2568017004880994,13.812190476190475,27.209929321758207,7,17,40.952380952380956,110.0,1,1.9444444444444446,2.2302468447990313,0.6864198218676356,"Cedrick","Wilson",11,"C.Wilson"
"00-0034419",2023,"REG","1, 4","Braxton Berrios","WR","MIA",4.0287500000000005,2.527087104296267,11.616666666666665,17.268680540477796,9,11,80.0,85.0,1,1.425833333333334,1.4466502592367183,-0.02081692590338445,"Braxton","Berrios",0,"B.Berrios"
"00-0034521",2023,"REG","0, 3, 8, 9, 10, 15","Allen Lazard","WR","NYJ",6.305948979591837,1.9097248887335407,11.096715419501132,20.92984276058803,35,77,43.378684807256235,451.0,1,2.4518357487922717,3.6220405860921336,-1.1702048372998621,"Allen","Lazard",10,"A.Lazard"
"00-0034613",2023,"REG","0, 9, 10, 12, 15, 17","Tanner Hudson","TE","CIN",6.23553947368421,3.124440355999545,5.200342857142856,11.18997990955186,61,79,77.76190476190476,535.0,1,3.8391452991452995,3.6744900441015624,0.16465525504373693,"Tanner","Hudson",87,"T.Hudson"
"00-0034646",2023,"REG","5, 7, 10","Brandon Powell","WR","MIN",6.275166666666666,2.173970439875133,9.278444444444444,17.267430602279397,12,16,75.55555555555556,142.0,0,3.8191666666666673,3.947983510661478,-0.1288168439948105,"Brandon","Powell",4,"B.Powell"
"00-0034753",2023,"REG","0, 2, 3, 4, 5, 6, 7, 8, 9","Mark Andrews","TE","BAL",5.637714663643235,3.021118917915368,8.012157710989678,22.271210420414302,86,116,75.51153612629022,1021.0,12,4.931092592592592,4.809653422597169,0.12143916999542337,"Mark","Andrews",89,"M.Andrews"
"00-0034764",2023,"REG","0, 3, 4, 5, 6, 11, 14, 19","Michael Gallup","WR","DAL",6.531193295739349,2.634023813307095,10.323334586466165,22.40368194875836,62,101,64.83709273182957,791.0,3,3.8169068627450993,3.5804627396355704,0.23644412310952934,"Michael","Gallup",13,"M.Gallup"
"00-0034775",2023,"REG","0, 2, 3, 4, 5, 6, 7, 8, 10, 11, 12","Christian Kirk","WR","JAX",6.10267803030303,3.0154320810017463,10.397207196101581,31.431372100388902,112,166,67.78653610204412,1539.0,6,4.617465564738292,4.210684414520605,0.40678115021768674,"Christian","Kirk",13,"C.Kirk"
"00-0034777",2023,"REG","0, 3, 5, 6, 16, 17","D.J. Chark","WR","CAR",5.7638628472222235,2.2262165073162374,15.866616161616163,36.31408391237748,52,103,46.843434343434346,795.0,9,2.398019841269841,2.0057959246079298,0.3922239166619114,"Darrell","Chark",17,"D.Chark"
"00-0034798",2023,"REG","1, 16","Durham Smythe","TE","MIA",5.0,3.5594161834164844,7.339714285714286,10.237292453778306,8,12,71.42857142857143,100.0,0,6.405999999999999,5.627311028522323,0.7786889714776759,"Durham","Smythe",81,"D.Smythe"
"00-0034827",2023,"REG","0, 2, 3, 4, 5, 6, 7, 8, 9, 10, 11, 12, 14, 15, 16, 17, 18","D.J. Moore","WR","CHI",6.3110697945845,2.7107723998679454,11.931730264353103,44.134206677912076,190,270,68.65253642935305,2703.0,16,5.453768212588066,4.227888222523114,1.2258799900649517,"Denniston","Moore",2,"D.Moore"
"00-0034829",2023,"REG","0, 2, 17","Mike Gesicki","TE","NE",6.305603174603175,3.1116532840462168,8.57025925925926,14.961624871456934,38,57,71.48148148148148,312.0,2,2.920505747126437,3.3528818424251363,-0.4323760952986997,"Michael","Gesicki",88,"M.Gesicki"
"00-0034830",2023,"REG","1","Hayden Hurst","TE","CAR",8.061666666666666,2.740313881824359,8.114285714285714,29.11775260163018,5,7,71.42857142857143,41.0,1,2.6519999999999997,3.72616554113671,-1.0741655411367104,"Hayden","Hurst",81,"H.Hurst"
"00-0034837",2023,"REG","0, 1, 2, 3, 5, 6, 8, 11, 12, 13, 14, 15, 16, 17, 18","Calvin Ridley","WR","JAX",5.546117015083682,2.3131287633510738,13.784071286230109,41.328059809208874,147,263,56.94536291595115,1969.0,15,2.6353936090225565,3.166526594232887,-0.5311329852103313,"Calvin","Ridley",0,"C.Ridley"
"00-0034854",2023,"REG","9","KhaDarel Hodge","WR","ATL",6.113333333333333,3.46327714405697,21.19166666666667,39.52563026516212,3,6,50.0,60.0,0,6.413333333333334,3.1240815606590027,3.2892517726743313,"KhaDarel Lott","Hodge",12,"K.Hodge"
"00-0034960",2023,"REG","0, 1, 3, 5, 6, 7, 9, 11, 12, 14, 16, 17, 18","Jakobi Meyers","WR","LV",7.213940553036707,2.7783099104588134,9.761899644864085,31.75512235000531,135,201,67.66436997931918,1509.0,15,4.210385673012434,4.293900657829027,-0.08351498481659357,"Jakobi","Meyers",16,"J.Meyers"
"00-0034970",2023,"REG","1","Irv Smith","TE","CIN",7.536666666666666,3.9702170701312824,1.3319999999999983,2.9299194932031125,3,5,60.0,17.0,0,2.1200000000000023,1.1421207936508229,0.9778792063491796,"Irvin","Smith",81,"I.Smith"
"00-0034981",2023,"REG","15","Foster Moreau","TE","NO",5.29,3.3445178781252,2.1620000000000017,5.419904738029586,3,5,60.0,13.0,0,2.8233333333333306,4.208371704211572,-1.3850383708782417,"Foster","Moreau",87,"F.Moreau"
"00-0034983",2023,"REG","11, 14","Hunter Renfrow","WR","LV",7.2775,3.554873720892952,2.4430000000000005,6.304216263798452,8,10,80.0,88.0,0,9.738333333333332,5.439280268221144,4.299053065112188,"Hunter","Renfrow",13,"H.Renfrow"
"00-0035120",2023,"REG","17, 18","Keelan Doss","WR","LAC",6.3694999999999995,2.155910467544135,8.822375000000001,19.306339234836912,6,13,41.25,33.0,0,2.702000000000001,5.08235439221329,-2.380354392213289,"Keelan","Doss",86,"K.Doss"
"00-0035140",2023,"REG","18","Mecole Hardman","WR","KC",7.507499999999999,3.7376804665213696,6.629999999999999,49.82578397212544,6,11,54.54545454545454,77.0,0,8.403333333333334,4.131858876049932,4.271474457283402,"Mecole","Hardman",12,"M.Hardman"
"00-0035216",2023,"REG","0, 1, 7, 8, 9, 11, 12, 13, 14, 15, 16, 18, 19","Diontae Johnson","WR","PIT",6.9822150688677835,2.9342674820931576,12.416305345038104,41.279006532944514,101,173,59.11856342890825,1375.0,11,4.776666181857359,3.803486814392296,0.9731793674650628,"Diontae","Johnson",18,"D.Johnson"
"00-0035229",2023,"REG","0, 1, 2, 3, 5, 6, 7, 8, 9, 10, 11, 12, 14, 15","T.J. Hockenson","TE","MIN",6.0343267700284,2.958285672196656,7.431725799088426,26.381937765341508,184,247,74.29355624378123,1838.0,10,3.5040888829215895,3.460733149575302,0.043355733346286805,"Thomas","Hockenson",87,"T.Hockenson"
"00-0035329",2023,"REG","8, 11, 18","Donald Parham","TE","LAC",6.4495555555555555,3.404743900676135,7.022555555555556,13.825309645930373,13,17,76.66666666666667,183.0,1,6.611,4.8021510573514945,1.8088489426485053,"Donald","Parham",89,"D.Parham"
"00-0035341",2023,"REG","5, 11","Trenton Irwin","WR","CIN",6.9065,2.929090452738248,8.661,24.327401100580467,11,15,70.0,96.0,0,3.1308333333333334,3.4979963238137306,-0.36716299048039747,"Trenton","Irwin",16,"T.Irwin"
"00-0035414",2023,"REG","10, 12","Jalen Guyton","WR","LAC",6.219166666666668,2.517588513645136,12.737499999999999,23.523235635230275,5,11,43.33333333333333,45.0,1,3.0474999999999994,3.2149205754216723,-0.1674205754216731,"Jalen","Guyton",15,"J.Guyton"
"00-0035500",2023,"REG","11, 12, 16, 17","Greg Dortch","WR","ARI",6.767256944444445,3.3743888958510864,8.49822123015873,26.119448325965372,18,29,62.08333333333333,230.0,2,8.55077380952381,5.650886780819422,2.899887028704387,"Greg","Dortch",83,"G.Dortch"
"00-0035535",2023,"REG","0, 1, 2, 3, 6, 9, 11, 15, 17, 18","Darius Slayton","WR","NYG",6.136054761904762,2.870533996287307,13.263413502109705,33.34985315834028,84,135,61.51959011452682,1320.0,7,5.99267,4.334718434542785,1.6579515654572152,"Darius","Slayton",86,"D.Slayton"
"00-0035639",2023,"REG","2, 3, 4","Parris Campbell","WR","NYG",5.726944444444444,3.9989197738422226,3.6977777777777767,13.138423020651496,13,17,75.55555555555556,60.0,0,2.7466666666666675,3.8048016423962694,-1.0581349757296021,"Parris","Campbell",0,"P.Campbell"
"00-0035640",2023,"REG","0, 1, 2, 3, 6, 8, 10, 11, 12, 13, 14, 15, 16, 17, 18","DK Metcalf","WR","SEA",5.845640320572674,2.4348527319215103,13.686917709305943,41.03529369140638,128,230,57.467320261437905,2144.0,15,5.6423995670995675,3.5065782276335624,2.135821339466005,"DeKaylin","Metcalf",14,"D.Metcalf"
"00-0035644",2023,"REG","3, 15, 17","Noah Fant","TE","SEA",6.408888888888889,4.084504505996132,6.477333333333334,13.591074597651117,12,16,74.44444444444444,116.0,0,2.9405555555555556,3.0423656069344216,-0.101810051378866,"Noah","Fant",87,"N.Fant"
"00-0035659",2023,"REG","0, 2, 3, 4, 5, 6, 7, 8, 9, 10, 11, 12, 15, 16, 17, 18","Terry McLaurin","WR","WAS",5.8479079997812775,2.7356815336938682,10.921958310786435,35.825727619077206,156,257,64.28097943722943,1973.0,8,4.7196554588607595,4.094865496529438,0.6247899623313214,"Terry","McLaurin",17,"T.McLaurin"
"00-0035662",2023,"REG","0, 1, 2, 3, 4, 5, 6, 7, 8, 9, 11, 12","Marquise Brown","WR","ARI",6.20034654796262,2.510742280172951,11.68258926160473,42.02365915785439,101,195,53.15092223508065,1120.0,8,2.9947130018674137,3.389038055024043,-0.3943250531566285,"Marquise","Brown",2,"M.Brown"
"00-0035676",2023,"REG","0, 1, 2, 3, 4, 5, 6, 7, 8, 9, 12, 13, 14, 15, 16, 17","A.J. Brown","WR","PHI",6.725554906898656,2.5194047451572366,12.135434326068623,44.69161312574307,210,311,69.08526380440938,2895.0,14,4.431080609838275,2.7731659517333442,1.6579146581049302,"Arthur","Brown",11,"A.Brown"
"00-0035689",2023,"REG","2, 5, 6","Dawson Knox","TE","BUF",4.318333333333333,3.8694521325953963,5.977333333333333,11.98472558714385,9,17,53.333333333333336,44.0,1,3.0866666666666664,3.6152821934473045,-0.5286155267806375,"Dawson","Knox",88,"D.Knox"
"00-0035719",2023,"REG","0, 1, 2, 3, 12, 14, 15, 16, 17, 21, 23","Deebo Samuel","WR","SF",6.398442866808895,3.4178704383552487,7.3982040970038945,25.97346958759403,115,180,63.73069672354657,1621.0,12,7.380268398268398,4.639169554893827,2.741098843374571,"Tyshun","Samuel",19,"D.Samuel"
"00-0036040",2023,"REG","0, 1, 9, 12, 16, 17","Juwan Johnson","TE","NO",4.886011111111111,2.821230452989708,7.936950497713209,22.10810717087631,61,95,67.27737422652676,616.0,7,4.275350600600601,4.03343611709214,0.241914483508461,"Juwan","Johnson",83,"J.Johnson"
"00-0036165",2023,"REG","2","Isaiah Hodgins","WR","NYG",4.504,1.6556121107855684,8.343999999999998,12.213114754098362,4,5,80.0,40.0,1,3.2900000000000027,3.064902096894002,0.2250979031060005,"Isaiah","Hodgins",18,"I.Hodgins"
"00-0036182",2023,"REG","0, 1, 4, 12","Nick Westbrook-Ikhine","WR","TEN",7.4407499999999995,3.224518454977342,8.751337301587302,15.571978661229824,41,63,70.67460317460318,520.0,4,5.442214285714286,5.306568435456446,0.1356458502578387,"Nicholas","Westbrook-Ikhine",15,"N.Westbrook-Ikhine"
"00-0036196",2023,"REG","0, 2, 5, 7, 8, 10, 12, 16","Gabe Davis","WR","BUF",6.6459502900843885,2.8302752767611206,14.291131117724868,36.171010975551916,79,137,57.65873015873016,1322.0,12,4.850069444444444,3.0259748233156643,1.8240946211287796,"Gabriel","Davis",13,"G.Davis"
"00-0036232",2023,"REG","13, 19","Harrison Bryant","TE","CLE",5.536666666666667,2.81680022960019,7.172833333333331,11.305673155819505,9,11,83.33333333333333,114.0,1,6.390500000000001,6.471310840564856,-0.08081084056485377,"Harrison","Bryant",88,"H.Bryant"
"00-0036244",2023,"REG","6","Colby Parkinson","TE","SEA",7.949999999999999,2.5607654960772015,6.555999999999999,9.258579296709502,3,5,60.0,19.0,0,3.0966666666666662,2.522456162060734,0.5742105046059316,"Colby","Parkinson",84,"C.Parkinson"
"00-0036252",2023,"REG","0, 1, 2, 3, 4, 5, 6, 7, 8, 9, 10, 12, 13, 14, 15, 17, 18","Michael Pittman","WR","IND",6.855253718599739,3.0019259768383737,8.369585892049129,33.16646683056533,218,312,68.71562261268143,2304.0,8,5.989834555757248,4.528539870701579,1.4612946850556696,"Michael","Pittman",11,"M.Pittman"
"00-0036259",2023,"REG","7, 20, 23","Jauan Jennings","WR","SF",5.89552380952381,3.7074756948013676,7.186629629629631,19.759701932608593,14,20,72.96296296296298,157.0,1,4.571,3.0020204925654146,1.568979507434585,"Bennie","Jennings",15,"J.Jennings"
"00-0036261",2023,"REG","0, 1, 2, 4, 5, 6, 7, 8, 11, 13, 14, 15, 16, 17, 20, 21, 23","Brandon Aiyuk","WR","SF",5.631553613354727,2.8258376956982296,13.938622782446313,41.98852681305197,151,219,67.62371615312793,2703.0,13,5.147280112044818,3.4014420218390615,1.7458380902057562,"Brandon","Aiyuk",11,"B.Aiyuk"
"00-0036271",2023,"REG","18","Quez Watkins","WR","PHI",7.051818181818181,2.4949398611299363,9.742727272727272,32.658845040377884,8,11,72.72727272727273,93.0,1,2.7112500000000006,3.1647176517499176,-0.453467651749917,"Terrance","Watkins",16,"Q.Watkins"
"00-0036290",2023,"REG","0, 1, 2, 4, 5, 8, 9, 10, 12, 14, 15, 16","Cole Kmet","TE","CHI",6.615198412698413,4.081703722435159,6.72360085978836,19.10431911931981,136,167,81.51455026455027,1346.0,12,4.482901799304196,4.517447777939502,-0.03454597863530582,"Cole","Kmet",85,"C.Kmet"
"00-0036309",2023,"REG","0, 1, 7, 9, 14, 15","Darnell Mooney","WR","CHI",5.772845238095237,3.2011953010358307,9.235233964350767,31.677773721816596,48,94,54.144548529794434,639.0,2,6.306139784946237,3.844259472446217,2.46188031250002,"Darnell","Mooney",11,"D.Mooney"
"00-0036322",2023,"REG","0, 1, 2, 3, 4, 5, 15, 16, 17, 18","Justin Jefferson","WR","MIN",6.463413997999636,2.6869434455864343,12.48288249084249,42.349745598003764,134,197,66.38424908424909,2121.0,10,4.017555525846702,3.322045732978269,0.6955097928684333,"Justin","Jefferson",18,"J.Jefferson"
"00-0036326",2023,"REG","2","Chase Claypool","WR","CHI",9.63125,2.8250146815521413,8.9775,35.8974358974359,3,8,37.5,36.0,1,1.7566666666666677,1.1051995425838566,0.6514671240828112,"Chase","Claypool",10,"C.Claypool"
"00-0036345",2023,"REG","0, 1, 2, 5, 6, 7, 8, 14, 16","K.J. Osborn","WR","MIN",5.7902357758933105,3.2221853650081007,9.351765432098766,20.492536562564197,85,131,65.71781305114638,958.0,5,3.2945231481481487,3.609869828351761,-0.31534668020361284,"K.J.","Osborn",17,"K.Osborn"
"00-0036358",2023,"REG","0, 2, 3, 4, 5, 6, 8, 9, 10, 11, 12, 13, 14, 15, 16, 17, 18, 19","CeeDee Lamb","WR","DAL",5.779316535452565,2.655665036037914,9.895732069479347,37.17133102005903,275,375,72.064298287825,3531.0,24,4.849186458603125,4.35877110548727,0.49041535311585516,"Cedarian","Lamb",88,"C.Lamb"
"00-0036364",2023,"REG","15","Lynn Bowden","WR","NO",7.890000000000001,7.083246167608206,6.730000000000001,16.871396339934822,3,5,60.0,31.0,0,5.336666666666667,4.442814452086092,0.8938522145805745,"Lynn","Bowden",5,"L.Bowden"
"00-0036387",2023,"REG","9, 18","Jalen Reagor","WR","NE",5.205833333333333,1.6164080310245703,21.186833333333333,36.57062267470634,2,11,18.333333333333332,44.0,0,3.789999999999999,4.546611550693342,-0.1866115506933425,"Jalen","Reagor",83,"J.Reagor"
"00-0036407",2023,"REG","0, 2, 3, 4, 5, 6, 7, 8, 11, 14, 15, 16, 17, 18","Jerry Jeudy","WR","DEN",7.201821003401361,3.6213948688549604,13.238850574712643,38.20672437932293,100,164,60.01172882946282,1419.0,4,6.889119047619047,5.666024133787537,1.2230949138315113,"Jerry","Jeudy",10,"J.Jeudy"
"00-0036410",2023,"REG","0, 1, 2, 3, 8, 9, 15, 16","Tee Higgins","WR","CIN",5.8344073761261255,2.225408417729104,13.287749451754387,39.96425409473866,74,135,53.95650584795322,1146.0,10,5.61066156462585,3.424188306436459,2.1864732581893915,"Tamaurice","Higgins",5,"T.Higgins"
"00-0036415",2023,"REG","1, 8, 17","Van Jefferson","WR","LAR",6.756666666666667,3.0138343848986326,11.048666666666668,15.903193567842607,10,15,66.66666666666667,67.0,0,1.3636111111111102,1.7504439754819998,-0.38683286437088943,"Vanchii","Jefferson",12,"V.Jefferson"
"00-0036422",2023,"REG","1, 5","Adam Trautman","TE","DEN",4.991666666666667,4.4112172623821495,5.229000000000001,16.10133950487411,9,10,90.0,60.0,1,2.825999999999999,4.12831647915868,-1.3023164791586805,"Adam","Trautman",82,"A.Trautman"
"00-0036438",2023,"REG","9, 16","Stephen Sullivan","TE","CAR",6.045,3.3604514715366838,7.263000000000001,15.126785007632957,7,10,70.0,49.0,0,0.2799999999999994,1.1312749693572441,-0.8512749693572448,"Stephen","Sullivan",84,"S.Sullivan"
"00-0036497",2023,"REG","16","Tim Jones","WR","JAX",6.24,2.9247884749676407,14.078,16.659566411057465,3,5,60.0,32.0,0,1.8433333333333348,1.4437708870281083,0.3995624463052263,"Tim","Jones",15,"T.Jones"
"00-0036550",2023,"REG","0, 9, 12, 15, 17","Rashod Bateman","WR","BAL",5.618345454545454,2.1706607088828824,14.211007142857145,31.214764231681226,44,78,54.76190476190476,509.0,1,2.1048125000000004,2.1260036061787937,-0.02119110617879343,"Rashod","Bateman",7,"R.Bateman"
"00-0036554",2023,"REG","0, 1, 2, 4, 6, 8, 9, 11, 12, 13, 16, 17, 18, 19, 20","Nico Collins","WR","HOU",6.042470467919066,3.089178872239319,11.374133022889445,36.27749928130888,165,227,72.20826217615209,2672.0,17,6.93964074074074,4.640647671556296,2.2989930691844433,"Nico","Collins",12,"N.Collins"
"00-0036556",2023,"REG","13","Brevin Jordan","TE","HOU",6.095,5.021206123698445,6.020000000000001,10.133656533010136,3,5,60.0,64.0,0,14.11,10.947468361893565,3.162531638106435,"Brevin","Jordan",9,"B.Jordan"
"00-0036613",2023,"REG","0, 1, 2, 4, 5, 6, 7, 8, 9, 11, 12, 13, 14, 15, 19","Jaylen Waddle","WR","MIA",6.498868027210885,3.38137541532051,10.288137464387464,34.65566463728034,145,209,69.89316239316238,2009.0,8,5.823880423280424,4.621043492808068,1.2028369304723547,"Jaylen","Waddle",17,"J.Waddle"
"00-0036628",2023,"REG","2, 16","John Bates","TE","WAS",5.890000000000001,5.042426837275417,4.912000000000001,13.025891128925615,6,10,60.0,60.0,0,3.8949999999999987,3.8104226417045197,0.08457735829547874,"John","Bates",87,"J.Bates"
"00-0036637",2023,"REG","1, 21","Noah Gray","TE","KC",6.662749999999999,3.369233718324049,6.656000000000001,13.458287073688702,5,10,50.0,39.0,0,5.626666666666666,2.801062455133774,2.825604211532892,"Noah","Gray",83,"N.Gray"
"00-0036841",2023,"REG","11","Austin Trammell","WR","LAR",5.180000000000001,4.824562711785551,3.608333333333333,13.261868300153138,3,6,50.0,23.0,0,11.283333333333331,10.77381635070454,0.5095169826287922,"Austin","Trammell",81,"A.Trammell"
"00-0036849",2023,"REG","0, 1, 2, 3, 4, 5, 9","Tutu Atwell","WR","LAR",6.917916666666666,2.6277281287266776,11.012332656445663,25.244444586653515,67,114,58.30422716350222,775.0,5,2.1527621664050245,2.57436516079774,-0.42160299439271526,"Chatarius","Atwell",5,"T.Atwell"
"00-0036876",2023,"REG","0, 1, 4, 16","Kylen Granson","TE","IND",6.487567765567766,3.659871216908147,8.151466666666666,15.158418980737771,41,68,59.52380952380952,493.0,1,4.626916666666666,4.970426720566838,-0.34351005390017186,"Kylen","Granson",83,"K.Granson"
"00-0036887",2023,"REG","12","Luke Farrell","TE","JAX",7.646666666666666,3.1891899672694093,4.839999999999998,7.636719366341627,3,5,60.0,55.0,0,14.716666666666669,10.767667726100775,3.9489989405658914,"Luke","Farrell",89,"L.Farrell"
"00-0036894",2023,"REG","0, 12, 13, 14, 19","Pat Freiermuth","TE","PIT",7.001147619047619,3.010773181044126,8.015265487703784,21.62282183386955,52,78,63.052086211660686,551.0,2,4.604647222222222,3.785555435735597,0.8190917864866243,"Pat","Freiermuth",88,"P.Freiermuth"
"00-0036900",2023,"REG","0, 1, 2, 3, 4, 5, 6, 8, 9, 10, 11, 12, 13, 17, 18","Ja'Marr Chase","WR","CIN",5.8391218766531745,3.0316762980794687,8.575280306646368,36.559524909579245,193,282,65.53302021632331,2339.0,14,5.651946118326119,4.1036746914578535,1.5482714268682654,"Ja'Marr","Chase",1,"J.Chase"
"00-0036912",2023,"REG","0, 1, 2, 3, 4, 5, 6, 7, 8, 11, 12, 13, 14, 15, 16, 17, 19","DeVonta Smith","WR","PHI",6.969248556998558,2.7818543073737168,12.47473987776929,36.177640452950385,167,233,72.1493294287412,2229.0,13,3.6503324514991182,3.4555002918949973,0.19483215960412079,"DeVonta","Smith",6,"D.Smith"
"00-0036913",2023,"REG","1, 2, 5, 6","Kadarius Toney","WR","KC",6.524916666666667,4.1061937998622104,2.414249999999999,4.8337781258421355,14,22,63.333333333333336,71.0,1,5.280833333333334,6.353057404307967,-1.0722240709746336,"Kadarius","Toney",19,"K.Toney"
"00-0036936",2023,"REG","0, 3, 5, 6, 10, 18","Rondale Moore","WR","ARI",7.781014739229025,4.865303563506141,3.365260816692269,8.398671663995755,60,93,65.13760880696364,490.0,1,6.27711111111111,6.128252418746533,0.14885869236457774,"Rondale","Moore",4,"R.Moore"
"00-0036955",2023,"REG","1, 3, 4","Terrace Marshall","WR","CAR",6.180046296296297,3.0732199710699746,8.554888888888888,27.720637526194356,16,24,61.944444444444436,114.0,0,2.5889259259259263,2.9777673761846795,-0.3888414502587529,"Terrace","Marshall",88,"T.Marshall"
"00-0036963",2023,"REG","0, 1, 2, 3, 4, 6, 7, 8, 10, 11, 12, 13, 14, 15, 16, 17, 18, 19, 20, 21","Amon-Ra St. Brown","WR","DET",6.622530541398305,3.171687969192068,8.037158418982601,33.59279151715388,260,362,70.38874787671321,3304.0,21,6.2397963666235725,5.121209337426077,1.1185870291974958,"Amon-Ra","St. Brown",14,"A.St. Brown"
"00-0036970",2023,"REG","0, 2, 3, 5, 6, 7, 8, 9, 10, 13, 14, 17","Kyle Pitts","TE","ATL",6.369200892857143,2.377228741001439,11.151982533670035,25.06062404056917,92,160,55.39562289562289,1134.0,5,3.119780248577418,3.0734931506950516,0.046287097882366436,"Kyle","Pitts",8,"K.Pitts"
"00-0036980",2023,"REG","0, 1, 2, 3, 6, 7, 8, 10, 11, 12, 13, 14, 17","Elijah Moore","WR","CLE",7.048570897187919,3.7199077521814514,10.682726918380764,26.392995227400828,110,195,57.25767821921667,1210.0,4,3.4775861944082274,3.453559967087692,0.024026227320535505,"Elijah","Moore",8,"E.Moore"
"00-0036988",2023,"REG","0, 2, 3, 4, 6, 7, 16, 18","Josh Palmer","WR","LAC",6.749366306390978,2.6353065595581198,11.844176302693207,27.724381140810888,68,113,58.50117096018735,1021.0,3,4.941035087719299,4.509720499506675,0.43131458821262386,"Josh","Palmer",5,"J.Palmer"
"00-0037005",2023,"REG","16","Tommy Tremble","TE","CAR",6.46,3.613891029002667,8.991666666666665,15.846208071432766,4,6,66.66666666666666,59.0,0,9.69,6.250554224566599,3.4394457754334,"Tommy","Tremble",82,"T.Tremble"
"00-0037078",2023,"REG","3","Cole Turner","TE","WAS",4.963333333333334,1.8692761737696224,9.128571428571426,28.707489105530342,4,7,57.14285714285714,35.0,0,1.2200000000000042,2.2830413558543796,-1.0630413558543754,"Cole","Turner",85,"C.Turner"
"00-0037091",2023,"REG","16, 17, 18","Bo Melton","WR","GB",7.503821428571428,3.1353416832923315,11.470185185185187,32.42754472564863,15,22,68.25396825396825,211.0,1,2.289388888888887,2.310429956836654,-0.021041067947766556,"Bo","Melton",80,"B.Melton"
"00-0037132",2023,"REG","18","Britain Covey","WR","PHI",5.034,3.623058243146672,9.795999999999998,14.926100868505255,3,5,60.0,35.0,0,5.196666666666668,3.950287947266739,1.2463787193999285,"Britain","Covey",18,"B.Covey"
"00-0037238",2023,"REG","0, 2, 3, 4, 5, 6, 7, 8, 12, 13, 14, 17, 18","Drake London","WR","ATL",6.253376503126503,2.1705759153820803,11.369619158619157,33.649770725607,130,208,59.962259962259964,1711.0,4,2.9266531029357115,3.08703985159679,-0.16038674866107863,"Drake","London",5,"D.London"
"00-0037239",2023,"REG","0, 1, 2, 3, 4, 5, 6, 7, 8, 9, 10, 12, 13, 14, 16, 17","Chris Olave","WR","NO",6.174034307464177,2.9206101568594462,13.775189228721159,40.13890102430368,171,273,61.27376925610621,2190.0,9,3.9505287356321834,4.323574939109474,-0.37304620347729067,"Chris","Olave",12,"C.Olave"
"00-0037240",2023,"REG","7, 15, 16","Jameson Williams","WR","DET",7.5430793650793655,3.9319828038370264,14.196666666666665,31.926878621967493,9,19,46.82539682539683,90.0,0,4.0577499999999995,3.995709564079347,0.06204043592065261,"Jameson","Williams",9,"J.Williams"
"00-0037247",2023,"REG","0, 1, 2, 3, 4, 5, 7, 8, 9, 11, 12, 13, 14, 15, 16, 17, 19","George Pickens","WR","PIT",5.07158498854087,2.3115714562446588,12.893911998132586,40.12651150875957,128,219,57.97896917486263,2285.0,10,6.740098039215686,3.814907007818605,2.925191031397081,"George","Pickens",14,"G.Pickens"
"00-0037257",2023,"POST","19","David Bell","WR","CLE",6.922,4.388750056579873,5.08,14.041876857162602,8,8,100.0,54.0,0,1.67,2.5184833738242034,-0.8484833738242035,"David","Bell",18,"Dav.Bell"
"00-0037261",2023,"REG","0, 8, 12, 18, 20","Khalil Shakir","WR","BUF",6.056616666666667,3.7986378576499233,7.3294444444444435,15.119988270277094,61,71,84.88888888888889,899.0,3,6.708172161172162,4.834583671971896,1.8735884892002659,"Khalil","Shakir",10,"K.Shakir"
"00-0037273",2023,"REG","9, 10","Kyle Philips","WR","TEN",6.848,4.435958830772755,10.770999999999999,13.491270094584394,7,10,70.0,129.0,0,7.344166666666668,5.513116696123168,1.8310499705435004,"Kyle","Philips",18,"K.Philips"
"00-0037291",2023,"REG","14","Jalen Nailor","WR","MIN",7.074000000000001,3.2486901543110243,10.105999999999998,21.049781295563424,2,5,40.0,13.0,0,4.475000000000001,4.2122991038691,0.2627008961309016,"Jalen","Nailor",83,"J.Nailor"
"00-0037304",2023,"REG","8","Connor Heyward","TE","PIT",3.3333333333333335,2.6036533198063476,3.890000000000001,5.665461077262908,5,6,83.33333333333334,24.0,0,2.1199999999999988,2.672977426266107,-0.552977426266108,"Connor","Heyward",83,"Co.Heyward"
"00-0037382",2023,"REG","16, 17, 18","Brandon Johnson","WR","DEN",6.816,2.702737886180641,11.121888888888888,22.06745512739759,11,16,68.88888888888889,162.0,1,5.363055555555557,3.5482687467385445,1.814786808817012,"Brandon","Johnson",89,"B.Johnson"
"00-0037539",2023,"REG","16","Lucas Krull","TE","DEN",5.865,3.5916989374789408,5.348000000000001,8.196168582375481,4,5,80.0,28.0,1,5.324999999999999,5.423207213531498,-0.0982072135314986,"Lucas","Krull",85,"L.Krull"
"00-0037545",2023,"REG","0, 1, 4, 6, 7, 10, 12, 16","Rashid Shaheed","WR","NO",7.06025,2.8428003189665345,13.262654464285713,23.5929843624538,72,125,52.74603174603175,1057.0,8,3.446374094202899,4.941152132022668,-1.49477803781977,"Rashid","Shaheed",22,"R.Shaheed"
"00-0037614",2023,"REG","14","John Metchie","WR","HOU",5.312,1.6976506432624583,12.336,24.146570623238333,1,5,20.0,6.0,0,1.4000000000000057,1.859255609225329,-0.4592556092253232,"John","Metchie",8,"J.Metchie"
"00-0037664",2023,"REG","0, 3, 6, 8, 12, 13, 15, 16","Alec Pierce","WR","IND",5.997848901098901,2.3444801588502844,14.677038003663005,28.930521249064405,52,107,47.7014652014652,793.0,3,2.725885416666666,2.903597455137325,-0.1777120384706593,"Alec","Pierce",14,"A.Pierce"
"00-0037666",2023,"REG","9, 10, 11","Jalen Tolbert","WR","DAL",6.906666666666667,2.0226200138773964,11.497333333333332,14.985614185314768,7,15,46.666666666666664,63.0,1,1.36388888888889,2.4761408728492964,-1.1122519839604064,"Jalen","Tolbert",18,"J.Tolbert"
"00-0037740",2023,"REG","0, 1, 2, 3, 4, 5, 6, 8, 9, 10, 11, 12, 13, 14, 16, 17, 18","Garrett Wilson","WR","NYJ",5.415730976894659,2.434368748952963,10.455540041657688,47.76978475679968,187,332,55.00197514903397,2055.0,6,4.633765320163153,3.5774369657208593,1.0563283544422937,"Garrett","Wilson",17,"G.Wilson"
"00-0037741",2023,"REG","0, 1, 2, 4, 5, 7, 8, 9, 12, 13","Jahan Dotson","WR","WAS",7.322616544566545,2.743503416807139,9.38282428284567,21.398899839886262,88,146,61.07424937846624,932.0,7,1.9518499999999999,2.2933834913324267,-0.34153349133242666,"Jahan","Dotson",1,"J.Dotson"
"00-0037742",2023,"REG","3","Treylon Burks","WR","TEN",7.422,2.263980086911325,17.33666666666667,46.612296110414064,1,6,16.666666666666664,5.0,0,6.390000000000001,4.364671911368532,2.0253280886314684,"Treylon","Burks",16,"T.Burks"
"00-0037744",2023,"REG","0, 6, 7, 8, 9, 10, 11, 12, 13, 15, 16, 17, 18","Trey McBride","TE","ARI",5.217722777222777,3.465637893496551,5.697148795648795,21.949987977329997,154,202,74.34239764428443,1571.0,6,5.98357153032153,5.06020266667283,0.9233688636487,"Trey","McBride",85,"T.McBride"
"00-0037809",2023,"REG","0, 5, 8, 10, 12, 13, 14, 16","Chigoziem Okonkwo","TE","TEN",5.0861592261904764,3.9024822377024053,7.0414776334776334,17.07866652130528,84,121,69.34163059163059,827.0,2,5.222250000000001,5.536231065163291,-0.3139810651632897,"Chigoziem","Okonkwo",85,"C.Okonkwo"
"00-0037816",2023,"REG","0, 1, 3, 4, 7, 8, 10, 11, 13, 14, 16, 17, 19, 20","Romeo Doubs","WR","GB",5.728005843362986,2.7523335621743317,13.077345243546135,30.027520054045187,116,186,65.28164791557649,1445.0,17,3.48957775087436,3.1676930871590963,0.32188466371526436,"Romeo","Doubs",87,"R.Doubs"
"00-0037837",2023,"REG","1, 3, 4","Calvin Austin","WR","PIT",7.571333333333333,2.632993149047088,10.78411111111111,29.32264265248975,11,17,64.44444444444444,133.0,1,7.855555555555554,7.2399081646615535,0.6156473908940009,"Calvin","Austin",19,"C.Austin"
"00-0037838",2023,"REG","12, 14, 15","Isaiah Likely","TE","BAL",6.510222222222222,4.991414857044593,4.224047619047618,9.680982795565896,14,19,73.80952380952381,193.0,2,8.757833333333332,6.840743945281601,1.9170893880517317,"Isaiah","Likely",80,"I.Likely"
"00-0038041",2023,"REG","0, 1, 3, 4, 9, 10, 11, 13, 14, 15, 16, 17, 18, 19","Jake Ferguson","TE","DAL",5.670821493154223,3.294845756732461,5.3683168767507015,13.908524745618026,140,201,69.23219287715087,1479.0,11,5.6098400881479344,4.369598752834479,1.2402413353134558,"Jake","Ferguson",87,"J.Ferguson"
"00-0038090",2023,"REG","3","Skyy Moore","WR","KC",5.251666666666667,2.993224944333349,9.636666666666663,21.809814793859143,4,6,66.66666666666666,42.0,0,1.945000000000004,2.829692059438458,-0.8846920594384535,"Skyy","Moore",24,"S.Moore"
"00-0038104",2023,"REG","12, 14","Tyquan Thornton","WR","NE",7.071000000000001,3.560854935251159,6.167999999999999,19.77785631776857,5,10,50.0,36.0,0,6.175833333333335,4.733553549922358,1.4422797834109773,"Tyquan","Thornton",11,"T.Thornton"
"00-0038115",2023,"REG","16","Daniel Bellinger","TE","NYG",6.3075,5.199609177424948,5.7219999999999995,12.255300920968088,4,5,80.0,43.0,0,4.59,3.6986677345907992,0.8913322654092006,"Daniel","Bellinger",82,"D.Bellinger"
"00-0038117",2023,"REG","0, 3, 4, 5, 6, 9, 12, 14, 16, 17, 18","Wan'Dale Robinson","WR","NYG",7.195053543913713,4.016456497312866,5.575598068598068,17.731308922677226,110,142,78.37828837828839,962.0,2,5.040166666666668,4.6551639105911,0.3850027560755678,"Charles","Robinson",17,"W.Robinson"
"00-0038124",2023,"REG","0, 5, 7, 8, 10, 12, 13","Christian Watson","WR","GB",6.678867346938776,2.891699963872123,15.855703814230095,35.666900337343414,51,96,52.99501561630942,761.0,8,4.379704081632653,1.8898285469814764,2.4898755346511763,"Christian","Watson",9,"C.Watson"
"00-0038129",2023,"REG","0, 2, 7, 8, 9, 11, 14, 17, 19, 20","Cade Otton","TE","TB",6.498585,3.1818427675045022,6.645878456203829,15.051746092535154,89,129,67.5376526458616,859.0,8,4.184818085106384,3.8796612404628896,0.3051568446434944,"Cade","Otton",88,"C.Otton"
"00-0038393",2023,"REG","0, 3, 11, 14, 15, 18","Dontayvion Wicks","WR","GB",7.018015873015873,3.068931899465104,9.737150246305417,19.874976965157515,60,89,66.44499178981937,895.0,6,6.2976816239316245,3.4517852554665045,2.84589636846512,"Dontayvion","Wicks",13,"D.Wicks"
"00-0038394",2023,"REG","14","Will Mallory","TE","IND",9.215,3.5343836821781793,4.777999999999999,10.409586056644876,5,5,100.0,46.0,0,4.4220000000000015,5.170973381992553,-0.7489733819925517,"Will","Mallory",86,"W.Mallory"
"00-0038496",2023,"REG","13, 15, 17, 18","Xavier Gipson","WR","NYJ",5.350083333333334,3.0718123398883246,10.179226190476191,25.450210295197024,12,24,48.45238095238095,143.0,0,6.118124999999999,5.942626384681871,0.17549861531812838,"Xavier","Gipson",82,"X.Gipson"
"00-0038543",2023,"REG","0, 1, 2, 4, 6, 7, 9, 10, 11, 13, 14, 16, 18","Jaxon Smith-Njigba","WR","SEA",6.977264611792702,3.9149251573486272,5.940920359210683,15.409328426313657,115,170,67.72507062829644,1109.0,5,5.616891941391941,5.591022755754777,0.025869185637164685,"Jaxon","Smith-Njigba",11,"J.Smith-Njigba"
"00-0038544",2023,"REG","0, 8, 11, 13, 16, 17, 18","Quentin Johnston","WR","LAC",5.565778150065997,2.51716355108856,12.739597319524824,25.63444964071437,57,102,53.54452228652655,629.0,2,4.651456140350876,3.5091008675136495,1.142355272837227,"Quentin","Johnston",1,"Q.Johnston"
"00-0038559",2023,"REG","0, 4, 8, 10, 17, 18","Michael Wilson","WR","ARI",5.467861471861472,2.603110498004465,10.565045948203844,27.68142578805396,61,88,74.70760233918128,859.0,6,3.4067873230373227,2.0825788518419652,1.324208471195357,"Michael","Wilson",14,"M.Wilson"
"00-0038563",2023,"REG","11, 17, 18","Tre Tucker","WR","LV",6.8742857142857146,2.685847838691703,17.20419047619048,29.699901453963278,9,17,56.19047619047618,151.0,0,0.5413333333333329,1.541639382495043,-1.0003060491617102,"Tre","Tucker",11,"T.Tucker"
"00-0038589",2023,"REG","10","Josh Whyle","TE","TEN",5.075,3.7123943307756577,10.286,11.407088674976707,2,5,40.0,16.0,0,2.155000000000001,5.2412065115868245,-3.0862065115868234,"Josh","Whyle",81,"J.Whyle"
"00-0038606",2023,"REG","13, 15","Parker Washington","WR","JAX",5.4094999999999995,2.456923887465421,7.993333333333334,11.609189270876731,10,12,83.33333333333333,73.0,1,2.0983333333333314,2.814139587853198,-0.7158062545198668,"Christopher","Washington",11,"P.Washington"
"00-0038619",2023,"REG","16, 18","Andrei Iosivas","WR","CIN",6.462142857142858,2.8057597340566534,8.973660714285714,38.62352059655998,9,15,60.714285714285715,72.0,2,0.8812500000000005,1.150901308277888,-0.2696513082778875,"Andrei","Iosivas",80,"A.Iosivas"
"00-0038621",2023,"REG","0, 1, 7, 8, 9, 10, 12, 15, 16, 17, 18","Demario Douglas","WR","NE",6.61160890707466,3.0227363805203535,7.747261959559427,26.162133125319976,92,148,61.6235136171845,1019.0,0,6.71036703772418,6.9791775952254085,-0.2688105575012282,"Demario","Douglas",81,"D.Douglas"
"00-0038647",2023,"REG","18","Ronnie Bell","WR","SF",8.124,1.4950766310194403,14.662,29.099352994879535,1,5,20.0,5.0,1,0.0,"","","Ronnie","Bell",10,"R.Bell"
"00-0038752",2023,"REG","7","Jake Bobo","WR","SEA",6.356,1.9508529979429643,14.172,30.684623045944655,4,5,80.0,61.0,1,2.6999999999999993,2.0508598156008517,0.6491401843991476,"Jake","Bobo",19,"J.Bobo"
"00-0038933",2023,"REG","0, 2, 4, 7, 8, 9, 10, 11, 12, 14, 17, 18, 19, 20","Dalton Kincaid","TE","BUF",6.046212765083019,3.5688252232413333,6.744422785547785,18.102883937126844,145,181,79.6724703867561,1395.0,5,4.708146561364272,4.428264596431854,0.2798819649324177,"Dalton","Kincaid",86,"D.Kincaid"
"00-0038938",2023,"REG","7, 9, 12","Jalin Hyatt","WR","NYG",6.441333333333333,2.6070311589129833,26.451555555555554,55.68104169590779,9,16,54.44444444444445,203.0,0,3.428333333333333,4.107779336332839,-0.679446002999506,"Jalin","Hyatt",13,"J.Hyatt"
"00-0038941",2023,"REG","17","Tyler Scott","WR","CHI",6.124,2.60931053729774,15.111999999999998,27.894270525694033,2,5,40.0,15.0,0,3.265000000000004,2.1531135127321104,1.1118864872678935,"Tyler","Scott",13,"T.Scott"
"00-0038976",2023,"REG","3","Marvin Mims","WR","DEN",7.330000000000001,3.212111594049902,23.07,28.97877151111669,3,5,60.0,73.0,0,8.38,8.195010010387477,0.1849899896125233,"Marvin","Mims",19,"M.Mims"
"00-0038977",2023,"REG","0, 2, 3, 9, 10, 11, 12","Tank Dell","WR","HOU",6.774361750154607,2.9097807392961124,15.303421923314781,38.08789629673421,84,135,63.428262213976495,1295.0,14,3.23345853234911,2.709388597017973,0.5240699353311368,"Nathaniel","Dell",3,"T.Dell"
"00-0038979",2023,"REG","12, 13, 15, 18","Cedric Tillman","WR","CLE",5.1747708333333335,2.5553589199397577,13.10675,23.21273641460219,13,25,53.33333333333333,170.0,0,3.7106250000000003,2.906862092725099,0.8037629072749013,"Cedric","Tillman",19,"C.Tillman"
"00-0038994",2023,"REG","0, 1, 2, 3, 5, 6, 7, 8, 9, 10, 11, 12, 15, 17, 18","Jordan Addison","WR","MIN",6.417584635734636,2.731973412869069,12.478683950617285,32.559217618205665,137,208,66.61463844797179,1793.0,20,3.6736555555555546,2.4239774442037403,1.249678111351815,"Jordan","Addison",3,"J.Addison"
"00-0038996",2023,"REG","13, 15, 16, 17, 20","Tucker Kraft","TE","GB",4.8728,3.890768303564626,3.432000000000001,9.049862335924807,20,30,66.66666666666666,211.0,2,7.285833333333334,6.457536354116948,0.8282969792163847,"Tucker","Kraft",85,"T.Kraft"
"00-0038997",2023,"REG","0, 1, 2, 3, 5, 6, 7, 8, 12, 13, 16","Josh Downs","WR","IND",6.2449591696182605,3.418615267334866,6.408531448710021,20.136290118536962,120,178,67.96826189683333,1306.0,4,5.656211420932009,5.1035283647415985,0.5526830561904104,"Joshua","Downs",1,"J.Downs"
"00-0039052",2023,"REG","0, 6, 8, 11, 12, 13, 16, 17, 18","Trey Palmer","WR","TB",6.580050024050024,2.9320896783149943,10.63932959850607,19.869435884004357,64,114,55.84344849050731,641.0,4,2.4458760683760685,3.3787537653008495,-0.932877696924781,"Trey","Palmer",10,"T.Palmer"
"00-0039062",2023,"REG","0, 1, 2, 3, 5, 8, 10, 11, 12, 13, 14, 15","Jonathan Mingo","WR","CAR",5.972101521164021,2.8319306151889894,10.602068024431995,30.77773390983762,80,159,51.49412542794895,801.0,0,3.915692829457365,4.567027915319318,-0.6513350858619525,"Jonathan","Mingo",15,"J.Mingo"
"00-0039064",2023,"REG","0, 1, 2, 3, 5, 6, 7, 8, 10, 12, 14, 16, 20, 21","Zay Flowers","WR","BAL",7.852608669520058,3.723122666204478,8.69676707617779,26.397755388269747,152,215,71.24358445787017,1649.0,10,4.5309245258709545,3.9586760082888364,0.5722485175821183,"Xavien","Flowers",4,"Z.Flowers"
"00-0039065",2023,"REG","0, 1, 2, 3, 4, 6, 7, 8, 10, 11, 12, 13, 14, 15, 17, 18, 20, 21","Sam LaPorta","TE","DET",6.004930575597243,3.2179243670314666,6.983683662016995,22.69550847586596,184,257,72.76570651570653,1875.0,18,4.0016032309995495,3.370710930166622,0.6308923008329269,"Sam","LaPorta",87,"S.LaPorta"
"00-0039066",2023,"REG","6, 10, 11, 15","Michael Mayer","TE","LV",5.922833333333333,3.6515972273525747,4.944916666666668,10.046008525946872,16,21,75.83333333333334,179.0,2,5.309333333333331,4.108645556049664,1.2006877772836677,"Michael","Mayer",87,"M.Mayer"
"00-0039067",2023,"REG","0, 1, 3, 4, 5, 7, 8, 11, 12, 13, 14, 15, 16, 17, 19, 21, 23","Rashee Rice","WR","KC",6.262623610953085,4.15600514245928,5.024178983358048,17.111746866046474,172,225,76.17592134893172,1982.0,14,8.063493425640297,6.422177349670268,1.6413160759700296,"Rashee","Rice",4,"R.Rice"
"00-0039074",2023,"REG","14","Davis Allen","TE","LAR",2.64,5.439140951918665,2.678000000000003,3.5926055109870987,4,5,80.0,50.0,1,9.652499999999996,10.021317483605344,-0.3688174836053477,"Davis","Allen",87,"D.Allen"
"00-0039075",2023,"REG","0, 1, 2, 3, 4, 5, 6, 7, 8, 9, 11, 12, 13, 14, 15, 16, 17, 18, 19","Puka Nacua","WR","LAR",6.0463428527459,2.8114000302811677,9.00349190685046,32.81223823582093,219,330,65.23643388774967,3153.0,13,6.788228696741855,4.646666905792684,2.1415617909491704,"Puka","Nacua",17,"P.Nacua"
"00-0039144",2023,"REG","0, 3, 5, 7, 11","Luke Musgrave","TE","GB",5.655357142857143,4.20790731130019,5.160213664596274,8.632486885199459,54,72,76.25879917184264,493.0,1,4.659911764705883,4.846173704690216,-0.18626193998433305,"Luke","Musgrave",88,"L.Musgrave"
"00-0039146",2023,"REG","0, 1, 2, 3, 4, 8, 10, 11, 12, 13, 14, 15, 17","Jayden Reed","WR","GB",6.662227429433312,3.45515487079053,10.518526089159069,21.413583431722948,117,175,65.71350635180423,1427.0,15,5.390859775641025,5.18808894080135,0.2027708348396745,"Jayden","Reed",11,"J.Reed"
